scenarioName,scenarioLoop,stepName,stepLoop,correlationId,requestTimeStamp,responseDelayMilliSec,responseTimeStamp,result
"com.sequenceiq.environment.service.integration.EnvironmentServiceIntegrationTest",0,testProxyCreate,0,"ccda6efb-afdd-4ce5-9412-3a5c9be5ef60","2019-11-26T10:44:17.743617",20736.0,"2019-11-26T10:44:38.480301",FAILED
"com.sequenceiq.environment.service.integration.EnvironmentServiceIntegrationTest",0,testProxyCreate,0,"58143cd9-3220-485e-9692-d420d1de739d","2019-11-26T10:41:28.995098",14069.0,"2019-11-26T10:41:43.064224",FAILED
"com.sequenceiq.environment.service.integration.EnvironmentServiceIntegrationTest",0,testProxyCreate,0,"0d1ed769-cded-4687-a10a-13c6850761ac","2019-11-26T10:47:42.193452",37.0,"2019-11-26T10:47:42.230986",PASSED
"com.sequenceiq.environment.service.integration.EnvironmentServiceIntegrationTest",0,testProxyCreate,0,"d5122e92-280c-4758-9372-3107fe68ef0f","2019-11-26T10:47:16.056238",15733.0,"2019-11-26T10:47:31.789564",PASSED
"com.sequenceiq.environment.service.integration.EnvironmentServiceIntegrationTest",0,testCredentialCreateAws,0,"33cc1528-faaa-4497-b1a6-2055c58cb72e","2019-11-26T10:12:48.762810",37.0,"2019-11-26T10:12:48.800612",PASSED
"com.sequenceiq.environment.service.integration.EnvironmentServiceIntegrationTest",0,testProxyCreate,0,"20107356-3de3-4dbf-9307-81e6feb20c76","2019-11-26T10:46:57.972820",33816.0,"2019-11-26T10:47:31.789694",PASSED
"com.sequenceiq.environment.service.integration.EnvironmentServiceIntegrationTest",0,testProxyCreate,0,"0e8c68d0-40cc-4f11-aacd-16400dc966d9","2019-11-26T10:47:13.041494",18747.0,"2019-11-26T10:47:31.789298",PASSED
"com.sequenceiq.environment.service.integration.EnvironmentServiceIntegrationTest",0,testProxyCreate,0,"4efb17ca-e8ff-4ad1-969b-261eb66a89ff","2019-11-26T10:47:27.107004",4682.0,"2019-11-26T10:47:31.789154",PASSED
"com.sequenceiq.environment.service.integration.EnvironmentServiceIntegrationTest",0,testProxyCreate,0,"9c84ec83-f5dc-4c0d-8cbb-5de78bd4ec82","2019-11-26T10:41:38.031684",7622.0,"2019-11-26T10:41:45.654459",PASSED
"com.sequenceiq.environment.service.integration.EnvironmentServiceIntegrationTest",0,testCredentialCreateAws,0,"b0053f85-29db-4b17-bf98-2652a4c7254f","2019-11-26T10:12:28.669464",38.0,"2019-11-26T10:12:28.708055",PASSED
"com.sequenceiq.environment.service.integration.EnvironmentServiceIntegrationTest",0,testProxyCreate,0,"bd89793d-cb20-4b01-bb7d-37d59d2ca9e6","2019-11-26T10:45:16.019772",15.0,"2019-11-26T10:45:16.035228",FAILED
"com.sequenceiq.environment.service.integration.EnvironmentServiceIntegrationTest",0,testProxyCreate,0,"4390e787-6893-4667-80d7-9525e6d6dc3b","2019-11-26T10:42:37.306308",29.0,"2019-11-26T10:42:37.336203",PASSED
"com.sequenceiq.environment.service.integration.EnvironmentServiceIntegrationTest",0,testProxyCreate,0,"4d3bca58-6716-48f8-9ed7-a4bad0ddfaa2","2019-11-26T10:46:59.983377",31806.0,"2019-11-26T10:47:31.789485",PASSED
"com.sequenceiq.environment.service.integration.EnvironmentServiceIntegrationTest",0,testCredentialCreateAws,0,"4ab24c1a-fa2f-4d80-9e76-da0b6f0e72a5","2019-11-26T10:12:34.690575",38.0,"2019-11-26T10:12:34.728786",PASSED
"com.sequenceiq.environment.service.integration.EnvironmentServiceIntegrationTest",0,testProxyCreate,0,"8b75ed9c-22e2-43d7-98c6-bf9b7c9b6364","2019-11-26T10:44:45.875683",15.0,"2019-11-26T10:44:45.891525",FAILED
"com.sequenceiq.environment.service.integration.EnvironmentServiceIntegrationTest",0,testProxyCreate,0,"0f1fe69b-6d8e-4d85-9f5c-08afe01d3a85","2019-11-26T10:41:42.049465",3574.0,"2019-11-26T10:41:45.624297",PASSED
"com.sequenceiq.environment.service.integration.EnvironmentServiceIntegrationTest",0,testProxyCreate,0,"355e5c2e-760d-4ead-b6ca-f70fce5158f2","2019-11-26T10:47:31.143700",646.0,"2019-11-26T10:47:31.790004",PASSED
"com.sequenceiq.environment.service.integration.EnvironmentServiceIntegrationTest",0,testProxyCreate,0,"fe607e12-9b1e-4f8a-95d7-1d36f1388e7e","2019-11-26T10:44:25.780611",12739.0,"2019-11-26T10:44:38.519779",FAILED
"com.sequenceiq.environment.service.integration.EnvironmentServiceIntegrationTest",0,testProxyCreate,0,"3810d46f-2989-4d5a-9c91-1beac3e17796","2019-11-26T10:42:12.195644",30.0,"2019-11-26T10:42:12.226384",PASSED
"com.sequenceiq.environment.service.integration.EnvironmentServiceIntegrationTest",0,testCredentialCreateAws,0,"77f1ecae-cc02-46d6-8d34-df8c2b20f000","2019-11-26T10:11:25.311443",27220.0,"2019-11-26T10:11:52.531987",FAILED
"com.sequenceiq.environment.service.integration.EnvironmentServiceIntegrationTest",0,testCredentialCreateAws,0,"143412e5-49f9-4e12-bad9-acbfc6d09a7a","2019-11-26T10:12:26.659015",38.0,"2019-11-26T10:12:26.697589",PASSED
"com.sequenceiq.environment.service.integration.EnvironmentServiceIntegrationTest",0,testProxyCreate,0,"443ca667-fc4d-4c8d-9148-1e9206690f99","2019-11-26T10:47:05.002065",26788.0,"2019-11-26T10:47:31.790080",PASSED
"com.sequenceiq.environment.service.integration.EnvironmentServiceIntegrationTest",0,testProxyCreate,0,"f8437c24-a12b-47e2-9db5-9da7e46733f5","2019-11-26T10:45:14.012052",15.0,"2019-11-26T10:45:14.027261",FAILED
"com.sequenceiq.environment.service.integration.EnvironmentServiceIntegrationTest",0,testProxyCreate,0,"ffbc99c1-3284-4f5e-9940-46742bfb2e56","2019-11-26T10:48:35.416845",28.0,"2019-11-26T10:48:35.445375",PASSED
"com.sequenceiq.environment.service.integration.EnvironmentServiceIntegrationTest",0,testProxyCreate,0,"4a56d577-ec63-473e-be46-8f54b307c6fa","2019-11-26T10:48:24.368240",30.0,"2019-11-26T10:48:24.398446",PASSED
"com.sequenceiq.environment.service.integration.EnvironmentServiceIntegrationTest",0,testCredentialCreateAws,0,"69972eb5-d636-439f-b6c1-d51223905302","2019-11-26T10:12:23.643971",37.0,"2019-11-26T10:12:23.681782",PASSED
"com.sequenceiq.environment.service.integration.EnvironmentServiceIntegrationTest",0,testProxyCreate,0,"b59829a0-2310-410c-8aa6-cbeff7dc8896","2019-11-26T10:48:00.266483",33.0,"2019-11-26T10:48:00.300047",PASSED
"com.sequenceiq.environment.service.integration.EnvironmentServiceIntegrationTest",0,testProxyCreate,0,"cc315164-f6f9-4970-88fb-3b23587f89bf","2019-11-26T10:45:32.094632",14.0,"2019-11-26T10:45:32.109309",FAILED
"com.sequenceiq.environment.service.integration.EnvironmentServiceIntegrationTest",0,testProxyCreate,0,"a4dbd119-9a7e-4ab0-b215-e42417d87528","2019-11-26T10:42:21.236424",32.0,"2019-11-26T10:42:21.268787",PASSED
"com.sequenceiq.environment.service.integration.EnvironmentServiceIntegrationTest",0,testProxyCreate,0,"89927f4c-d453-46c7-a5ae-1bc6524862fa","2019-11-26T10:47:49.225064",33.0,"2019-11-26T10:47:49.258816",PASSED
"com.sequenceiq.environment.service.integration.EnvironmentServiceIntegrationTest",0,testCredentialCreateAws,0,"8b7ded73-a021-467e-bf85-2f19134ae3b9","2019-11-26T10:11:33.350356",19181.0,"2019-11-26T10:11:52.531914",FAILED
"com.sequenceiq.environment.service.integration.EnvironmentServiceIntegrationTest",0,testCredentialCreateAws,0,"4fca26a6-28ca-4059-a645-7ebe68fbe4c4","2019-11-26T10:11:29.331266",23200.0,"2019-11-26T10:11:52.532143",FAILED
"com.sequenceiq.environment.service.integration.EnvironmentServiceIntegrationTest",0,testProxyCreate,0,"6a9562af-15f7-4ce5-8ea3-2a973c405d45","2019-11-26T10:44:11.712884",26783.0,"2019-11-26T10:44:38.496546",FAILED
"com.sequenceiq.environment.service.integration.EnvironmentServiceIntegrationTest",0,testProxyCreate,0,"22214eb2-869c-4fa6-a112-43aa2be7ad54","2019-11-26T10:47:48.220570",34.0,"2019-11-26T10:47:48.254785",PASSED
"com.sequenceiq.environment.service.integration.EnvironmentServiceIntegrationTest",0,testCredentialCreateAws,0,"a6f797bd-9317-4311-ab11-8b1ea13ca141","2019-11-26T10:11:50.434997",4582.0,"2019-11-26T10:11:55.017407",PASSED
"com.sequenceiq.environment.service.integration.EnvironmentServiceIntegrationTest",0,testProxyCreate,0,"7b175c85-825a-4a5b-a83b-d828ac5508d2","2019-11-26T10:41:51.104311",34.0,"2019-11-26T10:41:51.138338",PASSED
"com.sequenceiq.environment.service.integration.EnvironmentServiceIntegrationTest",0,testCredentialCreateAws,0,"96ec6ad9-b098-41ae-8cb3-6a049a5e4f19","2019-11-26T10:12:50.775126",51.0,"2019-11-26T10:12:50.826131",PASSED
"com.sequenceiq.environment.service.integration.EnvironmentServiceIntegrationTest",0,testProxyCreate,0,"b812199b-8837-4339-b4ba-1010f0f830c5","2019-11-26T10:47:41.191351",35.0,"2019-11-26T10:47:41.226512",PASSED
"com.sequenceiq.environment.service.integration.EnvironmentServiceIntegrationTest",0,testProxyCreate,0,"35974e00-60bc-4b79-9858-fe4a95e3dd71","2019-11-26T10:45:13.006701",15.0,"2019-11-26T10:45:13.021781",FAILED
"com.sequenceiq.environment.service.integration.EnvironmentServiceIntegrationTest",0,testCredentialCreateAws,0,"483c6e57-dca4-4b59-a8a1-ede0a90b7f8d","2019-11-26T10:11:32.344087",20187.0,"2019-11-26T10:11:52.531748",FAILED
"com.sequenceiq.environment.service.integration.EnvironmentServiceIntegrationTest",0,testProxyCreate,0,"c0dda474-d943-426a-bd79-944e1bf17ddf","2019-11-26T10:44:05.683835",32868.0,"2019-11-26T10:44:38.552687",FAILED
"com.sequenceiq.environment.service.integration.EnvironmentServiceIntegrationTest",0,testProxyCreate,0,"26cfccf5-ccaa-4c7a-a4bb-eb07ce86f5d3","2019-11-26T10:42:45.340274",30.0,"2019-11-26T10:42:45.370876",PASSED
"com.sequenceiq.environment.service.integration.EnvironmentServiceIntegrationTest",0,testCredentialCreateAws,0,"1a618cef-ccc2-43fc-83fb-56917c22d0e8","2019-11-26T10:12:05.555093",41.0,"2019-11-26T10:12:05.596649",PASSED
"com.sequenceiq.environment.service.integration.EnvironmentServiceIntegrationTest",0,testCredentialCreateAws,0,"774076b6-becf-421b-82fe-340a288ebb32","2019-11-26T10:12:17.612959",41.0,"2019-11-26T10:12:17.654097",PASSED
"com.sequenceiq.environment.service.integration.EnvironmentServiceIntegrationTest",0,testProxyCreate,0,"4d76a1e9-2a65-49b5-87d9-713d49147f1e","2019-11-26T10:42:38.309964",29.0,"2019-11-26T10:42:38.339917",PASSED
"com.sequenceiq.environment.service.integration.EnvironmentServiceIntegrationTest",0,testProxyCreate,0,"f3cf1187-ad9d-4664-8e00-e6fbd4cfa74d","2019-11-26T10:42:17.224039",32.0,"2019-11-26T10:42:17.257021",PASSED
"com.sequenceiq.environment.service.integration.EnvironmentServiceIntegrationTest",0,testCredentialCreateAws,0,"f5992511-f5b3-4b41-909f-2143a0d63021","2019-11-26T10:12:16.606754",39.0,"2019-11-26T10:12:16.646534",PASSED
"com.sequenceiq.environment.service.integration.EnvironmentServiceIntegrationTest",0,testProxyCreate,0,"1efdae35-882d-4b96-80bd-dd3a70dcf24d","2019-11-26T10:48:23.366019",28.0,"2019-11-26T10:48:23.394798",PASSED
"com.sequenceiq.environment.service.integration.EnvironmentServiceIntegrationTest",0,testProxyCreate,0,"db8fe0d3-1f4e-40fc-b1c6-112f2f46928e","2019-11-26T10:45:39.127139",16.0,"2019-11-26T10:45:39.143303",FAILED
"com.sequenceiq.environment.service.integration.EnvironmentServiceIntegrationTest",0,testProxyCreate,0,"48f8c641-aee0-4b23-92fa-eceea32a0332","2019-11-26T10:48:27.379536",36.0,"2019-11-26T10:48:27.415983",PASSED
"com.sequenceiq.environment.service.integration.EnvironmentServiceIntegrationTest",0,testProxyCreate,0,"3a1bd205-0ff4-4cd5-b0e2-5376a4094016","2019-11-26T10:41:23.968808",19103.0,"2019-11-26T10:41:43.071961",FAILED
"com.sequenceiq.environment.service.integration.EnvironmentServiceIntegrationTest",0,testCredentialCreateAws,0,"386ad7c3-0e81-4171-a7d5-54b17eacd7c1","2019-11-26T10:12:11.583354",41.0,"2019-11-26T10:12:11.625279",PASSED
"com.sequenceiq.environment.service.integration.EnvironmentServiceIntegrationTest",0,testCredentialCreateAws,0,"ea5fd3c1-3999-4894-9b26-56fabcec64f0","2019-11-26T10:12:06.558157",41.0,"2019-11-26T10:12:06.599483",PASSED
"com.sequenceiq.environment.service.integration.EnvironmentServiceIntegrationTest",0,testCredentialCreateAws,0,"5d4c249f-d1ea-4e12-9b43-25e7b7c6a4e3","2019-11-26T10:12:27.664141",40.0,"2019-11-26T10:12:27.705104",PASSED
"com.sequenceiq.environment.service.integration.EnvironmentServiceIntegrationTest",0,testProxyCreate,0,"d5753a57-3f97-403a-b1a8-bb759ec8b615","2019-11-26T10:44:22.765761",15714.0,"2019-11-26T10:44:38.480296",FAILED
"com.sequenceiq.environment.service.integration.EnvironmentServiceIntegrationTest",0,testProxyCreate,0,"30c2ede7-2be5-4bd4-822d-7059f6ab4500","2019-11-26T10:41:41.045644",4581.0,"2019-11-26T10:41:45.627021",PASSED
"com.sequenceiq.environment.service.integration.EnvironmentServiceIntegrationTest",0,testProxyCreate,0,"65688884-72aa-40aa-9235-9d3d1d126949","2019-11-26T10:47:03.996856",27792.0,"2019-11-26T10:47:31.789159",PASSED
"com.sequenceiq.environment.service.integration.EnvironmentServiceIntegrationTest",0,testProxyCreate,0,"3c481091-5911-4b0d-858a-b8bc2e18d624","2019-11-26T10:41:59.141189",32.0,"2019-11-26T10:41:59.173376",PASSED
"com.sequenceiq.environment.service.integration.EnvironmentServiceIntegrationTest",0,testProxyCreate,0,"79bc795a-1185-496d-9018-c176f0dff312","2019-11-26T10:48:36.427643",27.0,"2019-11-26T10:48:36.454679",PASSED
"com.sequenceiq.environment.service.integration.EnvironmentServiceIntegrationTest",0,testProxyCreate,0,"22e24c62-0320-44c8-9552-1e717f7c25b4","2019-11-26T10:48:10.315356",29.0,"2019-11-26T10:48:10.345063",PASSED
"com.sequenceiq.environment.service.integration.EnvironmentServiceIntegrationTest",0,testProxyCreate,0,"a846df86-defa-49c1-9f84-554210a0b9e0","2019-11-26T10:41:06.917264",38741.0,"2019-11-26T10:41:45.659218",PASSED
"com.sequenceiq.environment.service.integration.EnvironmentServiceIntegrationTest",0,testProxyCreate,0,"750b23b0-69d5-447e-a584-7259b8a0da66","2019-11-26T10:45:07.981662",15.0,"2019-11-26T10:45:07.997556",FAILED
"com.sequenceiq.environment.service.integration.EnvironmentServiceIntegrationTest",0,testProxyCreate,0,"2851713e-b72e-4ba1-a4c5-24450aa419a5","2019-11-26T10:45:44.153546",13.0,"2019-11-26T10:45:44.166854",FAILED
"com.sequenceiq.environment.service.integration.EnvironmentServiceIntegrationTest",0,testProxyCreate,0,"47323abe-3e0a-4d4b-a865-edb2f05ee6ae","2019-11-26T10:41:54.121742",35.0,"2019-11-26T10:41:54.157719",PASSED
"com.sequenceiq.environment.service.integration.EnvironmentServiceIntegrationTest",0,testCredentialCreateAws,0,"4e282543-1045-4869-9853-4464afa4439d","2019-11-26T10:11:49.428742",3103.0,"2019-11-26T10:11:52.532155",FAILED
"com.sequenceiq.environment.service.integration.EnvironmentServiceIntegrationTest",0,testProxyCreate,0,"a8d6417a-8d2d-407c-a053-f8621db7c3eb","2019-11-26T10:44:54.921826",15.0,"2019-11-26T10:44:54.937089",FAILED
"com.sequenceiq.environment.service.integration.EnvironmentServiceIntegrationTest",0,testProxyCreate,0,"700aee66-c9d4-4e40-ba95-76ad0726dd0a","2019-11-26T10:44:46.878728",16.0,"2019-11-26T10:44:46.895058",FAILED
"com.sequenceiq.environment.service.integration.EnvironmentServiceIntegrationTest",0,testProxyCreate,0,"228004bc-f40a-468a-bc5a-f436177dd5b9","2019-11-26T10:47:32.145317",47.0,"2019-11-26T10:47:32.192863",PASSED
"com.sequenceiq.environment.service.integration.EnvironmentServiceIntegrationTest",0,testProxyCreate,0,"e3d0b603-954a-450c-b824-9838a546f836","2019-11-26T10:44:16.738987",21807.0,"2019-11-26T10:44:38.546797",FAILED
"com.sequenceiq.environment.service.integration.EnvironmentServiceIntegrationTest",0,testProxyCreate,0,"8e804d7b-c6b0-4375-8478-e88fe97f174a","2019-11-26T10:48:26.376663",29.0,"2019-11-26T10:48:26.406188",PASSED
"com.sequenceiq.environment.service.integration.EnvironmentServiceIntegrationTest",0,testCredentialCreateAws,0,"6ae882cc-69bd-4dbf-8b87-e86cf6530d1e","2019-11-26T10:12:29.673862",40.0,"2019-11-26T10:12:29.713922",PASSED
"com.sequenceiq.environment.service.integration.EnvironmentServiceIntegrationTest",0,testProxyCreate,0,"ad9ae091-5155-4f75-842b-df72da372652","2019-11-26T10:47:08.018553",23770.0,"2019-11-26T10:47:31.789186",PASSED
"com.sequenceiq.environment.service.integration.EnvironmentServiceIntegrationTest",0,testProxyCreate,0,"a56270f1-ba31-4da2-b46a-527cf2a6057b","2019-11-26T10:45:08.987134",14.0,"2019-11-26T10:45:09.001764",FAILED
"com.sequenceiq.environment.service.integration.EnvironmentServiceIntegrationTest",0,testProxyCreate,0,"0bdfc3db-646c-46f9-9f28-7dc8830a2ca1","2019-11-26T10:42:14.209742",34.0,"2019-11-26T10:42:14.244095",PASSED
"com.sequenceiq.environment.service.integration.EnvironmentServiceIntegrationTest",0,testCredentialCreateAws,0,"4ecb5fad-0e07-4283-a509-87c3077ac0c2","2019-11-26T10:12:07.561608",66.0,"2019-11-26T10:12:07.628267",PASSED
"com.sequenceiq.environment.service.integration.EnvironmentServiceIntegrationTest",0,testCredentialCreateAws,0,"47905e85-d5f4-4325-8f40-6678ee4e81e0","2019-11-26T10:12:35.696261",38.0,"2019-11-26T10:12:35.734544",PASSED
"com.sequenceiq.environment.service.integration.EnvironmentServiceIntegrationTest",0,testProxyCreate,0,"381a7f75-6448-4d15-aeab-9dabd619328e","2019-11-26T10:48:19.347401",28.0,"2019-11-26T10:48:19.375473",PASSED
"com.sequenceiq.environment.service.integration.EnvironmentServiceIntegrationTest",0,testProxyCreate,0,"ec0b36ce-f074-42e7-bc70-7f9de0efa08e","2019-11-26T10:41:46.077390",55.0,"2019-11-26T10:41:46.133283",PASSED
"com.sequenceiq.environment.service.integration.EnvironmentServiceIntegrationTest",0,testCredentialCreateAws,0,"ebe83b03-af91-4137-af9b-798517ff201d","2019-11-26T10:11:39.382074",15626.0,"2019-11-26T10:11:55.008782",PASSED
"com.sequenceiq.environment.service.integration.EnvironmentServiceIntegrationTest",0,testProxyCreate,0,"75b9a88b-8f41-4d3d-928c-29c16eb4f761","2019-11-26T10:45:04.970444",13.0,"2019-11-26T10:45:04.984141",FAILED
"com.sequenceiq.environment.service.integration.EnvironmentServiceIntegrationTest",0,testProxyCreate,0,"0285c6fd-a047-46e3-b762-7e4c969709cc","2019-11-26T10:41:07.889104",37774.0,"2019-11-26T10:41:45.663200",PASSED
"com.sequenceiq.environment.service.integration.EnvironmentServiceIntegrationTest",0,testProxyCreate,0,"14986c86-7509-4823-a3cc-e1c4e2c65f89","2019-11-26T10:47:43.199600",36.0,"2019-11-26T10:47:43.235825",PASSED
"com.sequenceiq.environment.service.integration.EnvironmentServiceIntegrationTest",0,testProxyCreate,0,"ead0f156-8aff-48d0-9122-712e2d933f2f","2019-11-26T10:44:33.821687",4665.0,"2019-11-26T10:44:38.487647",FAILED
"com.sequenceiq.environment.service.integration.EnvironmentServiceIntegrationTest",0,testProxyCreate,0,"1934b41f-74bc-4dfd-9534-a1a3c53094ed","2019-11-26T10:41:33.008351",12619.0,"2019-11-26T10:41:45.627938",PASSED
"com.sequenceiq.environment.service.integration.EnvironmentServiceIntegrationTest",0,testProxyCreate,0,"cdc6c13f-1b8d-44d5-91ea-b084aeb5ded2","2019-11-26T10:41:57.133167",39.0,"2019-11-26T10:41:57.172443",PASSED
"com.sequenceiq.environment.service.integration.EnvironmentServiceIntegrationTest",0,testProxyCreate,0,"35c79e1e-1ba6-4021-ae88-bf5c54a82fdb","2019-11-26T10:47:19.070586",12718.0,"2019-11-26T10:47:31.789334",PASSED
"com.sequenceiq.environment.service.integration.EnvironmentServiceIntegrationTest",0,testProxyCreate,0,"6e7ef0b0-fe56-43cf-9456-9cf3ab32cce0","2019-11-26T10:47:52.233300",32.0,"2019-11-26T10:47:52.265473",PASSED
"com.sequenceiq.environment.service.integration.EnvironmentServiceIntegrationTest",0,testCredentialCreateAws,0,"e84917c8-34ef-477d-8e06-2522b903e5b9","2019-11-26T10:11:47.422112",7575.0,"2019-11-26T10:11:54.997383",PASSED
"com.sequenceiq.environment.service.integration.EnvironmentServiceIntegrationTest",0,testCredentialCreateAws,0,"bba00dc7-04ec-43b7-8761-cb8fffe86d36","2019-11-26T10:12:21.636581",38.0,"2019-11-26T10:12:21.675364",PASSED
"com.sequenceiq.environment.service.integration.EnvironmentServiceIntegrationTest",0,testProxyCreate,0,"f9e9c56e-7180-4fdf-a8cb-b68c5fa6279f","2019-11-26T10:47:35.158728",38.0,"2019-11-26T10:47:35.197015",PASSED
"com.sequenceiq.environment.service.integration.EnvironmentServiceIntegrationTest",0,testProxyCreate,0,"5265ea93-1159-453e-94cd-2e66f69c0d11","2019-11-26T10:45:24.060744",13.0,"2019-11-26T10:45:24.074283",FAILED
"com.sequenceiq.environment.service.integration.EnvironmentServiceIntegrationTest",0,testProxyCreate,0,"9cb2d81a-69ef-4115-8f35-c642341c4478","2019-11-26T10:41:10.897414",32167.0,"2019-11-26T10:41:43.064435",FAILED
"com.sequenceiq.environment.service.integration.EnvironmentServiceIntegrationTest",0,testProxyCreate,0,"71424917-fa6e-4ff6-a25d-4f3ec594ce15","2019-11-26T10:42:43.328931",33.0,"2019-11-26T10:42:43.362089",PASSED
"com.sequenceiq.environment.service.integration.EnvironmentServiceIntegrationTest",0,testProxyCreate,0,"c37d5685-5af0-45f9-b6c4-94e12b0a161d","2019-11-26T10:41:14.919005",30710.0,"2019-11-26T10:41:45.629291",PASSED
"com.sequenceiq.environment.service.integration.EnvironmentServiceIntegrationTest",0,testProxyCreate,0,"3ab0c432-1df3-45fa-8929-ab61a4d1c77e","2019-11-26T10:42:23.245844",31.0,"2019-11-26T10:42:23.277573",PASSED
"com.sequenceiq.environment.service.integration.EnvironmentServiceIntegrationTest",0,testProxyCreate,0,"36384849-7e82-4d57-bda8-eeba0ec87962","2019-11-26T10:44:40.857128",17.0,"2019-11-26T10:44:40.874489",FAILED
"com.sequenceiq.environment.service.integration.EnvironmentServiceIntegrationTest",0,testProxyCreate,0,"b91f6480-311b-428a-93b4-788fb8dd31e8","2019-11-26T10:44:28.799367",9724.0,"2019-11-26T10:44:38.524255",FAILED
"com.sequenceiq.environment.service.integration.EnvironmentServiceIntegrationTest",0,testProxyCreate,0,"63cb7798-b208-4b20-821a-bb043f8bcc03","2019-11-26T10:47:18.067029",13722.0,"2019-11-26T10:47:31.789124",PASSED
"com.sequenceiq.environment.service.integration.EnvironmentServiceIntegrationTest",0,testProxyCreate,0,"28ae28a8-5399-4586-b53c-b5f9120ff57d","2019-11-26T10:48:28.385308",27.0,"2019-11-26T10:48:28.412916",PASSED
"com.sequenceiq.environment.service.integration.EnvironmentServiceIntegrationTest",0,testCredentialCreateAws,0,"b2026df4-239b-41f4-ae48-413fe0353b51","2019-11-26T10:11:52.450557",2564.0,"2019-11-26T10:11:55.015303",PASSED
"com.sequenceiq.environment.service.integration.EnvironmentServiceIntegrationTest",0,testCredentialCreateAws,0,"a9418cef-f228-4e49-99c8-9d01bbb4961a","2019-11-26T10:11:34.355969",20655.0,"2019-11-26T10:11:55.011568",PASSED
"com.sequenceiq.environment.service.integration.EnvironmentServiceIntegrationTest",0,testProxyCreate,0,"d3a0be5b-b302-40ad-bc45-4a49c3b43aec","2019-11-26T10:41:08.888728",36773.0,"2019-11-26T10:41:45.661846",PASSED
"com.sequenceiq.environment.service.integration.EnvironmentServiceIntegrationTest",0,testProxyCreate,0,"46450d76-1319-4328-ad99-5114519581a1","2019-11-26T10:45:26.071799",14.0,"2019-11-26T10:45:26.085923",FAILED
"com.sequenceiq.environment.service.integration.EnvironmentServiceIntegrationTest",0,testCredentialCreateAws,0,"25ef7365-7530-441f-b210-5ecdb4220f4b","2019-11-26T10:12:20.626953",39.0,"2019-11-26T10:12:20.666780",PASSED
"com.sequenceiq.environment.service.integration.EnvironmentServiceIntegrationTest",0,testProxyCreate,0,"ae71f422-26e2-41cd-a031-dd318d2f2e3f","2019-11-26T10:44:10.710192",27770.0,"2019-11-26T10:44:38.480415",FAILED
"com.sequenceiq.environment.service.integration.EnvironmentServiceIntegrationTest",0,testCredentialCreateAws,0,"5f7a8ded-e4c5-43df-adac-93e704f5ca0c","2019-11-26T10:12:22.638353",37.0,"2019-11-26T10:12:22.675958",PASSED
"com.sequenceiq.environment.service.integration.EnvironmentServiceIntegrationTest",0,testProxyCreate,0,"aed0c9cc-11de-465d-9cb7-8f868b53f744","2019-11-26T10:45:00.950419",14.0,"2019-11-26T10:45:00.964855",FAILED
"com.sequenceiq.environment.service.integration.EnvironmentServiceIntegrationTest",0,testProxyCreate,0,"c8880864-eb72-4be1-b06d-3c1030e82244","2019-11-26T10:44:49.893262",14.0,"2019-11-26T10:44:49.908248",FAILED
"com.sequenceiq.environment.service.integration.EnvironmentServiceIntegrationTest",0,testProxyCreate,0,"e94cfcdc-eeee-46e3-8724-4c0379bb086c","2019-11-26T10:44:51.906443",14.0,"2019-11-26T10:44:51.921130",FAILED
"com.sequenceiq.environment.service.integration.EnvironmentServiceIntegrationTest",0,testProxyCreate,0,"2bbc82ff-f9c4-4254-a3ae-468a9b557faf","2019-11-26T10:47:44.200684",36.0,"2019-11-26T10:47:44.236964",PASSED
"com.sequenceiq.environment.service.integration.EnvironmentServiceIntegrationTest",0,testProxyCreate,0,"6b76f2a6-c089-4887-8730-d8f84645a1e9","2019-11-26T10:47:06.007295",25782.0,"2019-11-26T10:47:31.789663",PASSED
"com.sequenceiq.environment.service.integration.EnvironmentServiceIntegrationTest",0,testProxyCreate,0,"3b9f1391-3caf-4b74-897f-b471b7dafd59","2019-11-26T10:41:48.088686",46.0,"2019-11-26T10:41:48.135341",PASSED
"com.sequenceiq.environment.service.integration.EnvironmentServiceIntegrationTest",0,testCredentialCreateAws,0,"5ff08fd6-86fb-472a-b7c1-3eb0da87ce0b","2019-11-26T10:12:55.795343",41.0,"2019-11-26T10:12:55.836697",PASSED
"com.sequenceiq.environment.service.integration.EnvironmentServiceIntegrationTest",0,testProxyCreate,0,"595d693c-a366-45c5-9807-0e6eab671de9","2019-11-26T10:41:47.085873",49.0,"2019-11-26T10:41:47.135208",PASSED
"com.sequenceiq.environment.service.integration.EnvironmentServiceIntegrationTest",0,testCredentialCreateAws,0,"3ef0e4ec-9284-4234-98c2-0f7d432aecc2","2019-11-26T10:11:24.306433",28225.0,"2019-11-26T10:11:52.532293",FAILED
"com.sequenceiq.environment.service.integration.EnvironmentServiceIntegrationTest",0,testCredentialCreateAws,0,"a7a40040-5aac-44b3-8efb-99e2e042375f","2019-11-26T10:12:51.780885",39.0,"2019-11-26T10:12:51.819993",PASSED
"com.sequenceiq.environment.service.integration.EnvironmentServiceIntegrationTest",0,testCredentialCreateAws,0,"34915a2f-f319-403e-ba7d-0709777f02d8","2019-11-26T10:11:43.399468",9132.0,"2019-11-26T10:11:52.532058",FAILED
"com.sequenceiq.environment.service.integration.EnvironmentServiceIntegrationTest",0,testProxyCreate,0,"641f40bd-9433-46ab-970d-0a2efa36f72d","2019-11-26T10:47:15.055036",16734.0,"2019-11-26T10:47:31.789412",PASSED
"com.sequenceiq.environment.service.integration.EnvironmentServiceIntegrationTest",0,testCredentialCreateAws,0,"646c8bda-e924-4bbe-845c-cd2fb45b5c02","2019-11-26T10:12:04.552181",44.0,"2019-11-26T10:12:04.596385",PASSED
"com.sequenceiq.environment.service.integration.EnvironmentServiceIntegrationTest",0,testProxyCreate,0,"d9bba9c2-222a-40b9-9bfc-e3ba06ce69d0","2019-11-26T10:42:28.266767",30.0,"2019-11-26T10:42:28.296786",PASSED
"com.sequenceiq.environment.service.integration.EnvironmentServiceIntegrationTest",0,testCredentialCreateAws,0,"6ec78eca-5153-42cf-b599-7502d065e0fc","2019-11-26T10:11:21.290817",31240.0,"2019-11-26T10:11:52.531757",FAILED
"com.sequenceiq.environment.service.integration.EnvironmentServiceIntegrationTest",0,testProxyCreate,0,"76279e68-46e9-4986-9aea-b8087cd11496","2019-11-26T10:42:13.202354",40.0,"2019-11-26T10:42:13.242383",FAILED
"com.sequenceiq.environment.service.integration.EnvironmentServiceIntegrationTest",0,testProxyCreate,0,"043e17b2-55ef-4033-85ab-80da341f5bad","2019-11-26T10:42:04.160419",32.0,"2019-11-26T10:42:04.192827",PASSED
"com.sequenceiq.environment.service.integration.EnvironmentServiceIntegrationTest",0,testProxyCreate,0,"a9f96010-f86d-46b1-ac24-a92f0ba3da48","2019-11-26T10:44:44.874099",16.0,"2019-11-26T10:44:44.890927",FAILED
"com.sequenceiq.environment.service.integration.EnvironmentServiceIntegrationTest",0,testCredentialCreateAws,0,"6ee93a07-0c2c-4df4-850f-d79f87027781","2019-11-26T10:12:12.587210",41.0,"2019-11-26T10:12:12.628518",PASSED
"com.sequenceiq.environment.service.integration.EnvironmentServiceIntegrationTest",0,testCredentialCreateAws,0,"854cc388-ac24-4480-8549-d94ff7ed1b28","2019-11-26T10:11:48.423468",6591.0,"2019-11-26T10:11:55.014555",PASSED
"com.sequenceiq.environment.service.integration.EnvironmentServiceIntegrationTest",0,testProxyCreate,0,"2cdfab6a-7afe-41ca-9274-49e8a5949f71","2019-11-26T10:45:05.973097",14.0,"2019-11-26T10:45:05.987489",FAILED
"com.sequenceiq.environment.service.integration.EnvironmentServiceIntegrationTest",0,testCredentialCreateAws,0,"4a2336ea-281e-4e20-8562-1c7c6cf3aff4","2019-11-26T10:11:28.325779",26679.0,"2019-11-26T10:11:55.005504",PASSED
"com.sequenceiq.environment.service.integration.EnvironmentServiceIntegrationTest",0,testProxyCreate,0,"6297c656-8bf6-47e6-a00a-506d414692c1","2019-11-26T10:44:57.935508",14.0,"2019-11-26T10:44:57.950481",FAILED
"com.sequenceiq.environment.service.integration.EnvironmentServiceIntegrationTest",0,testProxyCreate,0,"51a474a6-b5b0-4a27-bdb2-71ff979aa37a","2019-11-26T10:47:01.991741",29801.0,"2019-11-26T10:47:31.793269",PASSED
"com.sequenceiq.environment.service.integration.EnvironmentServiceIntegrationTest",0,testCredentialCreateAws,0,"cbad91f8-273b-4318-8896-229b23d5c1a7","2019-11-26T10:12:43.739960",37.0,"2019-11-26T10:12:43.777003",PASSED
"com.sequenceiq.environment.service.integration.EnvironmentServiceIntegrationTest",0,testProxyCreate,0,"cebbebca-db6d-4a0c-8ab4-e81f63708289","2019-11-26T10:41:52.110453",36.0,"2019-11-26T10:41:52.147148",PASSED
"com.sequenceiq.environment.service.integration.EnvironmentServiceIntegrationTest",0,testProxyCreate,0,"54a638e1-0aa1-4e26-ab46-f06b62409c79","2019-11-26T10:47:11.032302",20756.0,"2019-11-26T10:47:31.789254",PASSED
"com.sequenceiq.environment.service.integration.EnvironmentServiceIntegrationTest",0,testProxyCreate,0,"92fef680-ee53-42b9-a0dc-66d92e044cc0","2019-11-26T10:41:36.019928",9626.0,"2019-11-26T10:41:45.646786",PASSED
"com.sequenceiq.environment.service.integration.EnvironmentServiceIntegrationTest",0,testProxyCreate,0,"9e4cf502-0b96-4e4f-8b29-8122f774e418","2019-11-26T10:44:42.866894",16.0,"2019-11-26T10:44:42.882935",FAILED
"com.sequenceiq.environment.service.integration.EnvironmentServiceIntegrationTest",0,testProxyCreate,0,"e4dc431a-c453-458f-8279-adf438db0961","2019-11-26T10:47:29.118893",2670.0,"2019-11-26T10:47:31.789323",PASSED
"com.sequenceiq.environment.service.integration.EnvironmentServiceIntegrationTest",0,testProxyCreate,0,"3838f6ad-6c1e-4d5c-b26e-57b7fefcbb4b","2019-11-26T10:48:21.357455",30.0,"2019-11-26T10:48:21.388119",PASSED
"com.sequenceiq.environment.service.integration.EnvironmentServiceIntegrationTest",0,testProxyCreate,0,"cac939c1-6d21-4fd9-b28d-c3e38f4197a0","2019-11-26T10:42:03.155848",33.0,"2019-11-26T10:42:03.189822",PASSED
"com.sequenceiq.environment.service.integration.EnvironmentServiceIntegrationTest",0,testProxyCreate,0,"c9ec721a-5e33-4297-880a-74e8c6e871b5","2019-11-26T10:45:21.047357",14.0,"2019-11-26T10:45:21.061656",FAILED
"com.sequenceiq.environment.service.integration.EnvironmentServiceIntegrationTest",0,testCredentialCreateAws,0,"d1e08378-7ff5-45c6-aad3-4ee8e3631201","2019-11-26T10:12:38.711633",38.0,"2019-11-26T10:12:38.750107",PASSED
"com.sequenceiq.environment.service.integration.EnvironmentServiceIntegrationTest",0,testProxyCreate,0,"eb7c811d-a6c5-4192-a4f7-22cb6988b4ec","2019-11-26T10:41:39.034798",6626.0,"2019-11-26T10:41:45.660858",PASSED
"com.sequenceiq.environment.service.integration.EnvironmentServiceIntegrationTest",0,testProxyCreate,0,"55369388-c494-4241-9e31-4c4bc3286d71","2019-11-26T10:45:25.066705",13.0,"2019-11-26T10:45:25.080435",FAILED
"com.sequenceiq.environment.service.integration.EnvironmentServiceIntegrationTest",0,testProxyCreate,0,"a37f792e-b089-47ed-a3c8-d6eda091956a","2019-11-26T10:48:04.287966",29.0,"2019-11-26T10:48:04.317049",PASSED
"com.sequenceiq.environment.service.integration.EnvironmentServiceIntegrationTest",0,testProxyCreate,0,"2f43d7e4-e4d6-49f0-b480-2b70ecf29245","2019-11-26T10:47:51.231467",33.0,"2019-11-26T10:47:51.264880",PASSED
"com.sequenceiq.environment.service.integration.EnvironmentServiceIntegrationTest",0,testProxyCreate,0,"37046399-8a44-4f19-b1cf-8a56923f07ef","2019-11-26T10:47:46.210912",31.0,"2019-11-26T10:47:46.242645",PASSED
"com.sequenceiq.environment.service.integration.EnvironmentServiceIntegrationTest",0,testProxyCreate,0,"392b207b-8a00-4571-a165-720868826f70","2019-11-26T10:44:47.885388",15.0,"2019-11-26T10:44:47.900610",FAILED
"com.sequenceiq.environment.service.integration.EnvironmentServiceIntegrationTest",0,testProxyCreate,0,"ccd1ae1c-90fa-476d-afb5-c2c4ddde1ee6","2019-11-26T10:44:09.702764",28777.0,"2019-11-26T10:44:38.479914",FAILED
"com.sequenceiq.environment.service.integration.EnvironmentServiceIntegrationTest",0,testProxyCreate,0,"c0e431d1-80f4-467a-b656-ebebb481c7d4","2019-11-26T10:45:27.072977",14.0,"2019-11-26T10:45:27.087064",FAILED
"com.sequenceiq.environment.service.integration.EnvironmentServiceIntegrationTest",0,testProxyCreate,0,"5a2596bd-ce10-4bd6-a7e0-0cb4353ffe4e","2019-11-26T10:48:18.342081",30.0,"2019-11-26T10:48:18.372250",PASSED
"com.sequenceiq.environment.service.integration.EnvironmentServiceIntegrationTest",0,testProxyCreate,0,"1d653736-28f3-47c8-ba77-0a2e26c8e6a2","2019-11-26T10:48:29.389610",27.0,"2019-11-26T10:48:29.417467",PASSED
"com.sequenceiq.environment.service.integration.EnvironmentServiceIntegrationTest",0,testProxyCreate,0,"f79efc31-1d65-468b-9984-18db72613abe","2019-11-26T10:48:20.352218",28.0,"2019-11-26T10:48:20.381032",PASSED
"com.sequenceiq.environment.service.integration.EnvironmentServiceIntegrationTest",0,testCredentialCreateAws,0,"98b722d1-75b9-40bb-8fce-ee03d47c3271","2019-11-26T10:12:37.707399",38.0,"2019-11-26T10:12:37.745764",PASSED
"com.sequenceiq.environment.service.integration.EnvironmentServiceIntegrationTest",0,testProxyCreate,0,"af1cbd27-50ce-4c8b-af04-9222799b40ad","2019-11-26T10:47:37.167917",34.0,"2019-11-26T10:47:37.201988",PASSED
"com.sequenceiq.environment.service.integration.EnvironmentServiceIntegrationTest",0,testProxyCreate,0,"1a8c0bbd-0ed6-47f4-b538-c7dae37226d6","2019-11-26T10:48:07.298127",34.0,"2019-11-26T10:48:07.332447",PASSED
"com.sequenceiq.environment.service.integration.EnvironmentServiceIntegrationTest",0,testCredentialCreateAws,0,"0bd8b653-49cb-420a-9b21-499021c0466a","2019-11-26T10:12:09.571912",39.0,"2019-11-26T10:12:09.611105",PASSED
"com.sequenceiq.environment.service.integration.EnvironmentServiceIntegrationTest",0,testProxyCreate,0,"d61d98ae-044a-466b-adf6-606906e6b5ba","2019-11-26T10:48:31.398892",30.0,"2019-11-26T10:48:31.429498",PASSED
"com.sequenceiq.environment.service.integration.EnvironmentServiceIntegrationTest",0,testProxyCreate,0,"6e9478b1-c404-4e8c-926e-1ac54a4d0b4d","2019-11-26T10:41:25.971702",19661.0,"2019-11-26T10:41:45.633386",PASSED
"com.sequenceiq.environment.service.integration.EnvironmentServiceIntegrationTest",0,testProxyCreate,0,"5c8e3692-371f-4622-aed5-cbe2d79bd2a8","2019-11-26T10:45:33.096308",15.0,"2019-11-26T10:45:33.111437",FAILED
"com.sequenceiq.environment.service.integration.EnvironmentServiceIntegrationTest",0,testProxyCreate,0,"41061c78-526e-44fd-99e2-e06a6e154e18","2019-11-26T10:47:56.247131",31.0,"2019-11-26T10:47:56.278148",PASSED
"com.sequenceiq.environment.service.integration.EnvironmentServiceIntegrationTest",0,testProxyCreate,0,"0badc8fc-518f-4c96-9220-97965d4ae1c3","2019-11-26T10:45:40.130959",14.0,"2019-11-26T10:45:40.145747",FAILED
"com.sequenceiq.environment.service.integration.EnvironmentServiceIntegrationTest",0,testProxyCreate,0,"4270b48f-3760-42d2-b442-f2ee514693f2","2019-11-26T10:44:12.717332",25768.0,"2019-11-26T10:44:38.485475",FAILED
"com.sequenceiq.environment.service.integration.EnvironmentServiceIntegrationTest",0,testProxyCreate,0,"1cf67550-d743-4ade-8905-6cbdf694c3c7","2019-11-26T10:44:19.751358",18729.0,"2019-11-26T10:44:38.480868",FAILED
"com.sequenceiq.environment.service.integration.EnvironmentServiceIntegrationTest",0,testProxyCreate,0,"39d61a53-8faf-4f7e-bec2-d5036915b30f","2019-11-26T10:48:30.395588",27.0,"2019-11-26T10:48:30.423216",PASSED
"com.sequenceiq.environment.service.integration.EnvironmentServiceIntegrationTest",0,testProxyCreate,0,"0524aed2-bb3d-4599-b597-7c48a87484ba","2019-11-26T10:44:32.815883",5673.0,"2019-11-26T10:44:38.488929",FAILED
"com.sequenceiq.environment.service.integration.EnvironmentServiceIntegrationTest",0,testProxyCreate,0,"fc2a426c-7914-4e82-99d8-aa5cf3510ed7","2019-11-26T10:41:27.982024",15082.0,"2019-11-26T10:41:43.064429",FAILED
"com.sequenceiq.environment.service.integration.EnvironmentServiceIntegrationTest",0,testProxyCreate,0,"5f34a195-1704-447a-9ae3-3dcb69b6901e","2019-11-26T10:41:44.061801",1598.0,"2019-11-26T10:41:45.660134",PASSED
"com.sequenceiq.environment.service.integration.EnvironmentServiceIntegrationTest",0,testProxyCreate,0,"f64a44fb-8e46-414b-94e6-e3bf8cb835a4","2019-11-26T10:47:50.229615",30.0,"2019-11-26T10:47:50.260189",PASSED
"com.sequenceiq.environment.service.integration.EnvironmentServiceIntegrationTest",0,testProxyCreate,0,"ed739bf7-4fbe-459b-b097-efcb8f11587b","2019-11-26T10:47:21.077207",10711.0,"2019-11-26T10:47:31.789130",PASSED
"com.sequenceiq.environment.service.integration.EnvironmentServiceIntegrationTest",0,testCredentialCreateAws,0,"bf43dfdc-996d-48c7-97d2-efc9fa4a6208","2019-11-26T10:12:52.785324",37.0,"2019-11-26T10:12:52.822918",PASSED
"com.sequenceiq.environment.service.integration.EnvironmentServiceIntegrationTest",0,testProxyCreate,0,"c6ce3e43-140a-4a8e-b001-6d29ca50145f","2019-11-26T10:42:42.326610",30.0,"2019-11-26T10:42:42.356832",PASSED
"com.sequenceiq.environment.service.integration.EnvironmentServiceIntegrationTest",0,testProxyCreate,0,"38c9f502-3b23-4170-ba22-6c1bdeb382a8","2019-11-26T10:42:34.294719",30.0,"2019-11-26T10:42:34.325654",PASSED
"com.sequenceiq.environment.service.integration.EnvironmentServiceIntegrationTest",0,testProxyCreate,0,"05ca58d0-5742-45fa-9163-550a5369dcb4","2019-11-26T10:45:28.078358",14.0,"2019-11-26T10:45:28.092368",FAILED
"com.sequenceiq.environment.service.integration.EnvironmentServiceIntegrationTest",0,testProxyCreate,0,"36ab0c25-cc14-4a8c-8ac8-ec762c3e405f","2019-11-26T10:44:07.693164",30798.0,"2019-11-26T10:44:38.491731",FAILED
"com.sequenceiq.environment.service.integration.EnvironmentServiceIntegrationTest",0,testProxyCreate,0,"01cd9cc5-9a57-41f6-9b7a-c498c916ab40","2019-11-26T10:44:55.927276",15.0,"2019-11-26T10:44:55.942633",FAILED
"com.sequenceiq.environment.service.integration.EnvironmentServiceIntegrationTest",0,testProxyCreate,0,"84d22c10-5754-43d0-9b4a-737f3e60d74c","2019-11-26T10:41:29.993137",15663.0,"2019-11-26T10:41:45.657053",PASSED
"com.sequenceiq.environment.service.integration.EnvironmentServiceIntegrationTest",0,testProxyCreate,0,"2ff6a034-d72e-4473-b42c-d436f6b57e1b","2019-11-26T10:47:22.080473",9708.0,"2019-11-26T10:47:31.789432",PASSED
"com.sequenceiq.environment.service.integration.EnvironmentServiceIntegrationTest",0,testProxyCreate,0,"404663db-d7c8-45d9-98f8-5c35ee809f02","2019-11-26T10:42:29.271904",38.0,"2019-11-26T10:42:29.310091",PASSED
"com.sequenceiq.environment.service.integration.EnvironmentServiceIntegrationTest",0,testCredentialCreateAws,0,"bbd970f7-15e2-4ed6-bfb7-13254986ffed","2019-11-26T10:11:22.295526",32709.0,"2019-11-26T10:11:55.004593",PASSED
"com.sequenceiq.environment.service.integration.EnvironmentServiceIntegrationTest",0,testProxyCreate,0,"fbb6d1e6-4385-4c55-a643-141f9fc4ed7f","2019-11-26T10:45:36.111181",14.0,"2019-11-26T10:45:36.125680",FAILED
"com.sequenceiq.environment.service.integration.EnvironmentServiceIntegrationTest",0,testProxyCreate,0,"d90a4d27-c8e9-4842-8b2f-875b2f649086","2019-11-26T10:41:45.080780",571.0,"2019-11-26T10:41:45.652739",PASSED
"com.sequenceiq.environment.service.integration.EnvironmentServiceIntegrationTest",0,testCredentialCreateAws,0,"14364158-5514-4bcf-b9f6-a764cfd2fcca","2019-11-26T10:11:59.522007",45.0,"2019-11-26T10:11:59.567796",PASSED
"com.sequenceiq.environment.service.integration.EnvironmentServiceIntegrationTest",0,testProxyCreate,0,"9a2d08fe-566c-4b4a-9274-f0e080b6fc20","2019-11-26T10:42:31.280793",30.0,"2019-11-26T10:42:31.311641",PASSED
"com.sequenceiq.environment.service.integration.EnvironmentServiceIntegrationTest",0,testProxyCreate,0,"7522dbd2-404f-4ba3-b4d3-7e6d9c0dd64c","2019-11-26T10:44:35.830286",2716.0,"2019-11-26T10:44:38.546390",FAILED
"com.sequenceiq.environment.service.integration.EnvironmentServiceIntegrationTest",0,testProxyCreate,0,"d9b0ff27-7d5a-470c-9332-5fba0f3b93f4","2019-11-26T10:42:10.185186",32.0,"2019-11-26T10:42:10.217374",PASSED
"com.sequenceiq.environment.service.integration.EnvironmentServiceIntegrationTest",0,testProxyCreate,0,"cf428b4a-345d-4aa8-b2ba-be74ef11c6c1","2019-11-26T10:42:35.297462",30.0,"2019-11-26T10:42:35.327607",PASSED
"com.sequenceiq.environment.service.integration.EnvironmentServiceIntegrationTest",0,testProxyCreate,0,"08186bc6-48bc-4aca-8bd6-a3070b9089c4","2019-11-26T10:48:12.324367",28.0,"2019-11-26T10:48:12.353287",PASSED
"com.sequenceiq.environment.service.integration.EnvironmentServiceIntegrationTest",0,testProxyCreate,0,"240222b8-2a31-4e09-9bff-fcbc7e7754d0","2019-11-26T10:47:10.030956",21758.0,"2019-11-26T10:47:31.789323",PASSED
"com.sequenceiq.environment.service.integration.EnvironmentServiceIntegrationTest",0,testProxyCreate,0,"3b6459c5-e68a-406d-a9ad-6cde6584a430","2019-11-26T10:42:30.276732",33.0,"2019-11-26T10:42:30.309994",PASSED
"com.sequenceiq.environment.service.integration.EnvironmentServiceIntegrationTest",0,testProxyCreate,0,"db9a6545-01c6-4b35-9ee0-a4889dfb806e","2019-11-26T10:48:15.333588",28.0,"2019-11-26T10:48:15.362487",PASSED
"com.sequenceiq.environment.service.integration.EnvironmentServiceIntegrationTest",0,testCredentialCreateAws,0,"e9b67ffa-9675-4d35-9eba-53310e25ca96","2019-11-26T10:12:45.750382",38.0,"2019-11-26T10:12:45.788707",PASSED
"com.sequenceiq.environment.service.integration.EnvironmentServiceIntegrationTest",0,testProxyCreate,0,"99c33856-9023-4966-ad3a-7583eccc47a8","2019-11-26T10:44:52.910127",15.0,"2019-11-26T10:44:52.926114",FAILED
"com.sequenceiq.environment.service.integration.EnvironmentServiceIntegrationTest",0,testProxyCreate,0,"91750433-b6ee-4e5f-a79e-758097874ac5","2019-11-26T10:42:01.148010",35.0,"2019-11-26T10:42:01.183190",PASSED
"com.sequenceiq.environment.service.integration.EnvironmentServiceIntegrationTest",0,testCredentialCreateAws,0,"11522395-68d5-4b19-b92a-24baff5519b6","2019-11-26T10:11:20.285633",34710.0,"2019-11-26T10:11:54.996056",PASSED
"com.sequenceiq.environment.service.integration.EnvironmentServiceIntegrationTest",0,testCredentialCreateAws,0,"9e4a943a-1b73-4ffe-9b0c-2faab4f6c039","2019-11-26T10:12:53.789249",37.0,"2019-11-26T10:12:53.827067",PASSED
"com.sequenceiq.environment.service.integration.EnvironmentServiceIntegrationTest",0,testProxyCreate,0,"ffb5e301-e394-4e12-8c8f-c6966d31025f","2019-11-26T10:47:00.987131",30802.0,"2019-11-26T10:47:31.789856",PASSED
"com.sequenceiq.environment.service.integration.EnvironmentServiceIntegrationTest",0,testProxyCreate,0,"deabddd0-d183-4afa-b1e9-9b31cdbc6f78","2019-11-26T10:45:19.036070",14.0,"2019-11-26T10:45:19.050704",FAILED
"com.sequenceiq.environment.service.integration.EnvironmentServiceIntegrationTest",0,testProxyCreate,0,"be24e8fd-b278-422a-ac9b-c9634d71f400","2019-11-26T10:46:56.996051",34796.0,"2019-11-26T10:47:31.792544",PASSED
"com.sequenceiq.environment.service.integration.EnvironmentServiceIntegrationTest",0,testCredentialCreateAws,0,"7da4c43d-5b62-4879-b084-487b77fb1bca","2019-11-26T10:12:10.576923",44.0,"2019-11-26T10:12:10.621814",PASSED
"com.sequenceiq.environment.service.integration.EnvironmentServiceIntegrationTest",0,testProxyCreate,0,"ac336ae4-6a8c-4092-9723-23020f8942db","2019-11-26T10:41:17.937594",25126.0,"2019-11-26T10:41:43.064323",FAILED
"com.sequenceiq.environment.service.integration.EnvironmentServiceIntegrationTest",0,testProxyCreate,0,"89916a48-928b-49cd-9b38-579af32d6216","2019-11-26T10:41:32.000919",11063.0,"2019-11-26T10:41:43.064569",FAILED
"com.sequenceiq.environment.service.integration.EnvironmentServiceIntegrationTest",0,testProxyCreate,0,"2c4e249f-c715-451a-9167-1c6f2cd89714","2019-11-26T10:41:26.980116",18675.0,"2019-11-26T10:41:45.656014",PASSED
"com.sequenceiq.environment.service.integration.EnvironmentServiceIntegrationTest",0,testCredentialCreateAws,0,"875a8f69-e62e-40aa-8ee6-69922c579c0e","2019-11-26T10:11:27.322709",25209.0,"2019-11-26T10:11:52.531903",FAILED
"com.sequenceiq.environment.service.integration.EnvironmentServiceIntegrationTest",0,testCredentialCreateAws,0,"fb1ffb57-2d0a-4eaa-ac8f-73b1c0075ce1","2019-11-26T10:11:54.482961",520.0,"2019-11-26T10:11:55.003049",PASSED
"com.sequenceiq.environment.service.integration.EnvironmentServiceIntegrationTest",0,testProxyCreate,0,"d8ed8ddd-ba58-4091-828b-4cc8b3446b6f","2019-11-26T10:48:17.337319",33.0,"2019-11-26T10:48:17.370873",PASSED
"com.sequenceiq.environment.service.integration.EnvironmentServiceIntegrationTest",0,testProxyCreate,0,"a8a409a2-53d7-4efa-8dba-06cbcd64f103","2019-11-26T10:47:53.237077",32.0,"2019-11-26T10:47:53.269103",PASSED
"com.sequenceiq.environment.service.integration.EnvironmentServiceIntegrationTest",0,testCredentialCreateAws,0,"60613da9-ada0-4f67-96fd-3368217bf6e6","2019-11-26T10:12:47.759950",36.0,"2019-11-26T10:12:47.796841",PASSED
"com.sequenceiq.environment.service.integration.EnvironmentServiceIntegrationTest",0,testProxyCreate,0,"cc16e97b-1d11-40e5-962a-288c2404806e","2019-11-26T10:48:08.304429",32.0,"2019-11-26T10:48:08.337267",PASSED
"com.sequenceiq.environment.service.integration.EnvironmentServiceIntegrationTest",0,testCredentialCreateAws,0,"ad4fd2c8-9cbb-43c2-aa37-c6a402a29408","2019-11-26T10:11:51.438328",3571.0,"2019-11-26T10:11:55.009896",PASSED
"com.sequenceiq.environment.service.integration.EnvironmentServiceIntegrationTest",0,testProxyCreate,0,"4e43feee-e363-4983-a5bb-d08a17d5c5b4","2019-11-26T10:45:01.954914",14.0,"2019-11-26T10:45:01.969050",FAILED
"com.sequenceiq.environment.service.integration.EnvironmentServiceIntegrationTest",0,testProxyCreate,0,"0ed64a29-a672-4074-99d8-d379ecbfc0d9","2019-11-26T10:44:30.806478",7708.0,"2019-11-26T10:44:38.514502",FAILED
"com.sequenceiq.environment.service.integration.EnvironmentServiceIntegrationTest",0,testProxyCreate,0,"d4bdbc84-4f23-4c97-9903-f87ceb4dd2eb","2019-11-26T10:48:05.289365",29.0,"2019-11-26T10:48:05.319183",PASSED
"com.sequenceiq.environment.service.integration.EnvironmentServiceIntegrationTest",0,testProxyCreate,0,"179f909e-72e7-4928-8c9b-b01a7b1b1a49","2019-11-26T10:41:11.902241",33743.0,"2019-11-26T10:41:45.645615",PASSED
"com.sequenceiq.environment.service.integration.EnvironmentServiceIntegrationTest",0,testProxyCreate,0,"6aab888a-c744-46d2-82b6-1a2782ae2ba4","2019-11-26T10:41:55.127472",34.0,"2019-11-26T10:41:55.162330",PASSED
"com.sequenceiq.environment.service.integration.EnvironmentServiceIntegrationTest",0,testCredentialCreateAws,0,"cb03f7c9-a2d8-4929-931d-e5ddc2ab2b7d","2019-11-26T10:12:44.744482",37.0,"2019-11-26T10:12:44.781781",PASSED
"com.sequenceiq.environment.service.integration.EnvironmentServiceIntegrationTest",0,testProxyCreate,0,"e8f9e457-0147-48a1-a768-c07337973e06","2019-11-26T10:47:25.095196",6694.0,"2019-11-26T10:47:31.789586",PASSED
"com.sequenceiq.environment.service.integration.EnvironmentServiceIntegrationTest",0,testProxyCreate,0,"4c2b6895-9719-4181-888c-0eba981747a8","2019-11-26T10:47:59.260765",29.0,"2019-11-26T10:47:59.290074",PASSED
"com.sequenceiq.environment.service.integration.EnvironmentServiceIntegrationTest",0,testProxyCreate,0,"49479a4b-be29-4b5e-96a3-db1ba4572d99","2019-11-26T10:47:58.256988",29.0,"2019-11-26T10:47:58.286482",PASSED
"com.sequenceiq.environment.service.integration.EnvironmentServiceIntegrationTest",0,testProxyCreate,0,"2ca16533-dbd2-470e-9e5e-cc45d97941a6","2019-11-26T10:44:24.775925",13705.0,"2019-11-26T10:44:38.481246",FAILED
"com.sequenceiq.environment.service.integration.EnvironmentServiceIntegrationTest",0,testProxyCreate,0,"597a36bf-ba93-43ee-aff4-334c8a64c573","2019-11-26T10:41:24.969784",20661.0,"2019-11-26T10:41:45.630906",PASSED
"com.sequenceiq.environment.service.integration.EnvironmentServiceIntegrationTest",0,testCredentialCreateAws,0,"d3f4b7a9-f2fd-478c-a3c4-1afc0639380e","2019-11-26T10:12:19.622607",37.0,"2019-11-26T10:12:19.660584",PASSED
"com.sequenceiq.environment.service.integration.EnvironmentServiceIntegrationTest",0,testProxyCreate,0,"10129b71-76e3-48da-86f0-b37dffeaa348","2019-11-26T10:47:28.112740",3677.0,"2019-11-26T10:47:31.789848",PASSED
"com.sequenceiq.environment.service.integration.EnvironmentServiceIntegrationTest",0,testProxyCreate,0,"ffb6473e-d9ef-4c66-882a-2cd26af31131","2019-11-26T10:48:13.328661",35.0,"2019-11-26T10:48:13.364293",PASSED
"com.sequenceiq.environment.service.integration.EnvironmentServiceIntegrationTest",0,testProxyCreate,0,"0d7d9fe4-8fce-4410-bf3f-53ce596389d7","2019-11-26T10:47:40.185890",36.0,"2019-11-26T10:47:40.221950",PASSED
"com.sequenceiq.environment.service.integration.EnvironmentServiceIntegrationTest",0,testProxyCreate,0,"25301e82-9789-4e7f-92a6-4006eb30605c","2019-11-26T10:47:39.180986",51.0,"2019-11-26T10:47:39.232819",PASSED
"com.sequenceiq.environment.service.integration.EnvironmentServiceIntegrationTest",0,testProxyCreate,0,"e2ec3205-35a6-446a-b297-0f00d9fd7cea","2019-11-26T10:47:24.095141",7694.0,"2019-11-26T10:47:31.790011",PASSED
"com.sequenceiq.environment.service.integration.EnvironmentServiceIntegrationTest",0,testProxyCreate,0,"27978dc9-1790-46a6-8bf8-f24f8fdfb6a6","2019-11-26T10:48:06.291922",31.0,"2019-11-26T10:48:06.323048",PASSED
"com.sequenceiq.environment.service.integration.EnvironmentServiceIntegrationTest",0,testCredentialCreateAws,0,"352d40a5-da1b-4ff3-86ef-5b3a4186a42a","2019-11-26T10:11:42.394374",12612.0,"2019-11-26T10:11:55.006571",PASSED
"com.sequenceiq.environment.service.integration.EnvironmentServiceIntegrationTest",0,testCredentialCreateAws,0,"de2cf11f-0d03-48b8-94f3-06101fcabbbb","2019-11-26T10:12:01.533461",44.0,"2019-11-26T10:12:01.577719",PASSED
"com.sequenceiq.environment.service.integration.EnvironmentServiceIntegrationTest",0,testProxyCreate,0,"7e1cbd8e-5bb3-42b9-a9c6-5da046f59db1","2019-11-26T10:45:23.058587",14.0,"2019-11-26T10:45:23.072956",FAILED
"com.sequenceiq.environment.service.integration.EnvironmentServiceIntegrationTest",0,testProxyCreate,0,"f1f98b6d-8586-4310-b5f3-c8786137a0be","2019-11-26T10:44:43.872720",17.0,"2019-11-26T10:44:43.889843",FAILED
"com.sequenceiq.environment.service.integration.EnvironmentServiceIntegrationTest",0,testProxyCreate,0,"0cc9bc16-9c8b-49cf-8830-c33479f43b8e","2019-11-26T10:44:53.915028",15.0,"2019-11-26T10:44:53.930456",FAILED
"com.sequenceiq.environment.service.integration.EnvironmentServiceIntegrationTest",0,testCredentialCreateAws,0,"0b036c15-879b-4fa4-a93b-7d8d39262c3b","2019-11-26T10:11:57.512603",46.0,"2019-11-26T10:11:57.558763",PASSED
"com.sequenceiq.environment.service.integration.EnvironmentServiceIntegrationTest",0,testProxyCreate,0,"4138a21e-e6be-4959-b654-c611364366d8","2019-11-26T10:42:15.212703",32.0,"2019-11-26T10:42:15.245072",PASSED
"com.sequenceiq.environment.service.integration.EnvironmentServiceIntegrationTest",0,testProxyCreate,0,"89b792d6-09fe-4f81-b880-627bd3473b94","2019-11-26T10:42:06.167481",33.0,"2019-11-26T10:42:06.201229",PASSED
"com.sequenceiq.environment.service.integration.EnvironmentServiceIntegrationTest",0,testProxyCreate,0,"57179179-ef54-4722-91cb-8047002e55a1","2019-11-26T10:41:43.057590",2582.0,"2019-11-26T10:41:45.639772",PASSED
"com.sequenceiq.environment.service.integration.EnvironmentServiceIntegrationTest",0,testCredentialCreateAws,0,"0dacc798-a3a2-43be-934c-03db517a8f7f","2019-11-26T10:11:55.502655",57.0,"2019-11-26T10:11:55.560226",PASSED
"com.sequenceiq.environment.service.integration.EnvironmentServiceIntegrationTest",0,testProxyCreate,0,"d0f58c0a-738b-409e-99e0-42fa91a940a7","2019-11-26T10:47:38.174357",34.0,"2019-11-26T10:47:38.208706",PASSED
"com.sequenceiq.environment.service.integration.EnvironmentServiceIntegrationTest",0,testCredentialCreateAws,0,"3a6512e9-580c-46ba-9a52-bb77cf930463","2019-11-26T10:11:30.338018",24674.0,"2019-11-26T10:11:55.012441",PASSED
"com.sequenceiq.environment.service.integration.EnvironmentServiceIntegrationTest",0,testCredentialCreateAws,0,"e8da9590-e6c3-4bb6-b226-b356dd6d3857","2019-11-26T10:12:03.546631",49.0,"2019-11-26T10:12:03.595895",PASSED
"com.sequenceiq.environment.service.integration.EnvironmentServiceIntegrationTest",0,testProxyCreate,0,"dc5b0ac1-0974-483a-b1fc-46c9efc7767b","2019-11-26T10:47:45.206517",34.0,"2019-11-26T10:47:45.240843",PASSED
"com.sequenceiq.environment.service.integration.EnvironmentServiceIntegrationTest",0,testProxyCreate,0,"301f363b-7b91-4722-afcc-0be4b5e9bb9c","2019-11-26T10:41:30.999243",14648.0,"2019-11-26T10:41:45.648168",PASSED
"com.sequenceiq.environment.service.integration.EnvironmentServiceIntegrationTest",0,testCredentialCreateAws,0,"5f14987e-6428-49a7-9c07-697eac992e1b","2019-11-26T10:11:19.278968",33253.0,"2019-11-26T10:11:52.532132",FAILED
"com.sequenceiq.environment.service.integration.EnvironmentServiceIntegrationTest",0,testProxyCreate,0,"5b358f71-c9de-47c2-bbcd-4d630e4ac765","2019-11-26T10:48:03.282564",30.0,"2019-11-26T10:48:03.312714",PASSED
"com.sequenceiq.environment.service.integration.EnvironmentServiceIntegrationTest",0,testCredentialCreateAws,0,"085fbf1a-674d-4e52-bf71-f79da865ebab","2019-11-26T10:12:08.566865",39.0,"2019-11-26T10:12:08.606295",PASSED
"com.sequenceiq.environment.service.integration.EnvironmentServiceIntegrationTest",0,testProxyCreate,0,"58e9a732-2f7a-472d-8666-6654c6e42f16","2019-11-26T10:41:15.923804",29701.0,"2019-11-26T10:41:45.625769",PASSED
"com.sequenceiq.environment.service.integration.EnvironmentServiceIntegrationTest",0,testProxyCreate,0,"fd22e1b0-e25f-4231-9c5c-0ee54c2ee8c0","2019-11-26T10:48:22.361334",29.0,"2019-11-26T10:48:22.390911",PASSED
"com.sequenceiq.environment.service.integration.EnvironmentServiceIntegrationTest",0,testProxyCreate,0,"6c021d03-c57c-4a9e-b3c4-2a324e85d5e8","2019-11-26T10:45:09.992654",15.0,"2019-11-26T10:45:10.007973",FAILED
"com.sequenceiq.environment.service.integration.EnvironmentServiceIntegrationTest",0,testProxyCreate,0,"f5ff0ad1-2db3-4d85-aa7d-9c76ce6e48da","2019-11-26T10:48:34.413801",28.0,"2019-11-26T10:48:34.442363",PASSED
"com.sequenceiq.environment.service.integration.EnvironmentServiceIntegrationTest",0,testProxyCreate,0,"75207194-ec98-4933-b2b8-86dd286a6ecf","2019-11-26T10:47:57.250862",31.0,"2019-11-26T10:47:57.282354",PASSED
"com.sequenceiq.environment.service.integration.EnvironmentServiceIntegrationTest",0,testProxyCreate,0,"191728a7-3515-4034-8907-699fcab2080a","2019-11-26T10:45:41.134916",14.0,"2019-11-26T10:45:41.149215",FAILED
"com.sequenceiq.environment.service.integration.EnvironmentServiceIntegrationTest",0,testProxyCreate,0,"828b35f0-15ec-4b13-995d-43125ab31b0f","2019-11-26T10:45:34.100465",13.0,"2019-11-26T10:45:34.114394",FAILED
"com.sequenceiq.environment.service.integration.EnvironmentServiceIntegrationTest",0,testProxyCreate,0,"02108f50-68c5-486e-9d02-7f91c49c6c29","2019-11-26T10:47:14.047860",17743.0,"2019-11-26T10:47:31.791250",PASSED
"com.sequenceiq.environment.service.integration.EnvironmentServiceIntegrationTest",0,testProxyCreate,0,"c76b58a8-c1b2-4477-8b73-508fe19b47ab","2019-11-26T10:42:40.318159",34.0,"2019-11-26T10:42:40.353061",PASSED
"com.sequenceiq.environment.service.integration.EnvironmentServiceIntegrationTest",0,testProxyCreate,0,"9f007749-3a51-4992-a415-d67116464cca","2019-11-26T10:42:11.190415",34.0,"2019-11-26T10:42:11.224958",PASSED
"com.sequenceiq.environment.service.integration.EnvironmentServiceIntegrationTest",0,testCredentialCreateAws,0,"5182a913-573c-4abb-9f99-9e1805a99abb","2019-11-26T10:11:17.305625",35226.0,"2019-11-26T10:11:52.532031",FAILED
"com.sequenceiq.environment.service.integration.EnvironmentServiceIntegrationTest",0,testProxyCreate,0,"02d2f1ac-daea-4185-a9cf-1a3f7e0b96be","2019-11-26T10:42:33.290618",30.0,"2019-11-26T10:42:33.320798",PASSED
"com.sequenceiq.environment.service.integration.EnvironmentServiceIntegrationTest",0,testProxyCreate,0,"80084cb8-32da-48be-aaef-46eff7f9d610","2019-11-26T10:42:24.250538",30.0,"2019-11-26T10:42:24.280795",PASSED
"com.sequenceiq.environment.service.integration.EnvironmentServiceIntegrationTest",0,testProxyCreate,0,"806d3bbc-094d-4825-8790-fac37bb82cd2","2019-11-26T10:46:58.981805",32807.0,"2019-11-26T10:47:31.789124",PASSED
"com.sequenceiq.environment.service.integration.EnvironmentServiceIntegrationTest",0,testProxyCreate,0,"c9bcf35c-dba5-490b-a24b-7c055cca43a9","2019-11-26T10:44:56.932366",14.0,"2019-11-26T10:44:56.946648",FAILED
"com.sequenceiq.environment.service.integration.EnvironmentServiceIntegrationTest",0,testProxyCreate,0,"2e172e99-a245-4442-90e3-e694f1cafba2","2019-11-26T10:45:10.996189",15.0,"2019-11-26T10:45:11.011445",FAILED
"com.sequenceiq.environment.service.integration.EnvironmentServiceIntegrationTest",0,testProxyCreate,0,"4b2dbf5f-8514-48d4-a74d-9e15d6167bb6","2019-11-26T10:41:37.026235",8629.0,"2019-11-26T10:41:45.655271",PASSED
"com.sequenceiq.environment.service.integration.EnvironmentServiceIntegrationTest",0,testProxyCreate,0,"821fc769-a2a5-4c3f-ad49-72a442fb041c","2019-11-26T10:44:58.941325",16.0,"2019-11-26T10:44:58.958082",FAILED
"com.sequenceiq.environment.service.integration.EnvironmentServiceIntegrationTest",0,testProxyCreate,0,"d49402e5-2224-4fa6-8ff8-224aa499cae9","2019-11-26T10:48:01.271771",31.0,"2019-11-26T10:48:01.303516",PASSED
"com.sequenceiq.environment.service.integration.EnvironmentServiceIntegrationTest",0,testProxyCreate,0,"7fba06e7-f857-4c75-95d6-99e2c4943205","2019-11-26T10:42:02.151945",32.0,"2019-11-26T10:42:02.184894",PASSED
"com.sequenceiq.environment.service.integration.EnvironmentServiceIntegrationTest",0,testCredentialCreateAws,0,"3e970a22-68aa-4ca2-9a12-e73436e631f1","2019-11-26T10:11:45.408121",9586.0,"2019-11-26T10:11:54.995060",PASSED
"com.sequenceiq.environment.service.integration.EnvironmentServiceIntegrationTest",0,testProxyCreate,0,"ebf52789-d444-499c-85c1-a3200be78ee7","2019-11-26T10:44:37.840564",657.0,"2019-11-26T10:44:38.498167",FAILED
"com.sequenceiq.environment.service.integration.EnvironmentServiceIntegrationTest",0,testProxyCreate,0,"4f9f0ae6-35e2-4ff0-b163-360588ef0626","2019-11-26T10:42:41.323384",31.0,"2019-11-26T10:42:41.354490",PASSED
"com.sequenceiq.environment.service.integration.EnvironmentServiceIntegrationTest",0,testProxyCreate,0,"bc815be7-f78c-4c24-9ec3-beaf53eb263a","2019-11-26T10:48:11.319337",30.0,"2019-11-26T10:48:11.349851",PASSED
"com.sequenceiq.environment.service.integration.EnvironmentServiceIntegrationTest",0,testCredentialCreateAws,0,"34755e77-69e9-459f-8a68-9ef914421041","2019-11-26T10:11:18.273230",34258.0,"2019-11-26T10:11:52.531838",FAILED
"com.sequenceiq.environment.service.integration.EnvironmentServiceIntegrationTest",0,testProxyCreate,0,"2aeb3adf-ea6b-4a89-b6fe-0247b4a24d01","2019-11-26T10:47:26.101139",5688.0,"2019-11-26T10:47:31.789836",PASSED
"com.sequenceiq.environment.service.integration.EnvironmentServiceIntegrationTest",0,testCredentialCreateAws,0,"b5b6bd76-d326-4fc1-ad43-97f4e897af65","2019-11-26T10:12:13.593171",40.0,"2019-11-26T10:12:13.634071",PASSED
"com.sequenceiq.environment.service.integration.EnvironmentServiceIntegrationTest",0,testProxyCreate,0,"94423ca9-9531-4f10-8e3d-e07f2c998b14","2019-11-26T10:47:54.239013",32.0,"2019-11-26T10:47:54.271647",PASSED
"com.sequenceiq.environment.service.integration.EnvironmentServiceIntegrationTest",0,testProxyCreate,0,"0be614aa-4436-46b1-9d74-9066ad7f2583","2019-11-26T10:41:18.942029",24122.0,"2019-11-26T10:41:43.064220",FAILED
"com.sequenceiq.environment.service.integration.EnvironmentServiceIntegrationTest",0,testProxyCreate,0,"dec90aae-8f57-45ac-8b28-bf917c369eaf","2019-11-26T10:44:48.889649",13.0,"2019-11-26T10:44:48.903345",FAILED
"com.sequenceiq.environment.service.integration.EnvironmentServiceIntegrationTest",0,testProxyCreate,0,"256b8d49-db7d-4e8e-87ae-9f166a917685","2019-11-26T10:45:42.139873",15.0,"2019-11-26T10:45:42.155100",FAILED
"com.sequenceiq.environment.service.integration.EnvironmentServiceIntegrationTest",0,testProxyCreate,0,"ad4a567f-7dc2-48c2-abcc-28d11dafc396","2019-11-26T10:45:18.031509",14.0,"2019-11-26T10:45:18.046343",FAILED
"com.sequenceiq.environment.service.integration.EnvironmentServiceIntegrationTest",0,testCredentialCreateAws,0,"e57a44c8-369c-41f2-b267-9b3553afcdb2","2019-11-26T10:11:31.340820",21191.0,"2019-11-26T10:11:52.532044",FAILED
"com.sequenceiq.environment.service.integration.EnvironmentServiceIntegrationTest",0,testProxyCreate,0,"72d6c9f2-4b9d-41f9-9e91-9b927b9e46a2","2019-11-26T10:45:22.053245",15.0,"2019-11-26T10:45:22.068426",FAILED
"com.sequenceiq.environment.service.integration.EnvironmentServiceIntegrationTest",0,testCredentialCreateAws,0,"c3f47cc5-eb06-43dc-8927-b24c0cc2338c","2019-11-26T10:11:53.446303",1571.0,"2019-11-26T10:11:55.018269",PASSED
"com.sequenceiq.environment.service.integration.EnvironmentServiceIntegrationTest",0,testCredentialCreateAws,0,"5053f379-849e-49dc-8b1c-928785216ffd","2019-11-26T10:11:40.387751",12144.0,"2019-11-26T10:11:52.531809",FAILED
"com.sequenceiq.environment.service.integration.EnvironmentServiceIntegrationTest",0,testProxyCreate,0,"7da2604f-af4d-46ad-a48c-58b8302b2679","2019-11-26T10:41:13.912299",31719.0,"2019-11-26T10:41:45.631714",PASSED
"com.sequenceiq.environment.service.integration.EnvironmentServiceIntegrationTest",0,testCredentialCreateAws,0,"93aa7fd4-ea01-4f20-b50d-3d5e03d3d0f2","2019-11-26T10:12:24.648065",38.0,"2019-11-26T10:12:24.686088",PASSED
"com.sequenceiq.environment.service.integration.EnvironmentServiceIntegrationTest",0,testCredentialCreateAws,0,"5665cb33-7747-4801-bf24-7fa369ce9e00","2019-11-26T10:11:38.375419",16624.0,"2019-11-26T10:11:54.999815",PASSED
"com.sequenceiq.environment.service.integration.EnvironmentServiceIntegrationTest",0,testProxyCreate,0,"550e8f5e-afb3-45f8-b9c6-08cba6b4a8cb","2019-11-26T10:44:34.827033",3652.0,"2019-11-26T10:44:38.480006",FAILED
"com.sequenceiq.environment.service.integration.EnvironmentServiceIntegrationTest",0,testProxyCreate,0,"8b884e99-19cd-4354-9de3-4995bc981327","2019-11-26T10:47:09.022919",22766.0,"2019-11-26T10:47:31.789783",PASSED
"com.sequenceiq.environment.service.integration.EnvironmentServiceIntegrationTest",0,testProxyCreate,0,"ee4a2fa5-df1e-4235-9465-0a4ebe44d295","2019-11-26T10:42:39.313330",29.0,"2019-11-26T10:42:39.343267",PASSED
"com.sequenceiq.environment.service.integration.EnvironmentServiceIntegrationTest",0,testCredentialCreateAws,0,"92614cdc-6344-490c-a1f0-de5f3c0bf70c","2019-11-26T10:11:37.369332",15162.0,"2019-11-26T10:11:52.531748",FAILED
"com.sequenceiq.environment.service.integration.EnvironmentServiceIntegrationTest",0,testProxyCreate,0,"e2876f0b-c625-4d33-b882-613de30d7b5c","2019-11-26T10:47:12.037369",19751.0,"2019-11-26T10:47:31.789337",PASSED
"com.sequenceiq.environment.service.integration.EnvironmentServiceIntegrationTest",0,testProxyCreate,0,"94d89ff2-d407-4ce6-90f4-94952c6a981b","2019-11-26T10:41:53.115357",35.0,"2019-11-26T10:41:53.151333",PASSED
"com.sequenceiq.environment.service.integration.EnvironmentServiceIntegrationTest",0,testProxyCreate,0,"87bf2b87-dc00-4f1c-a8c6-af8ba49a99ed","2019-11-26T10:45:03.966783",13.0,"2019-11-26T10:45:03.980728",FAILED
"com.sequenceiq.environment.service.integration.EnvironmentServiceIntegrationTest",0,testProxyCreate,0,"89527e26-5884-456e-bd11-ccdbce5a1a47","2019-11-26T10:44:31.810617",6688.0,"2019-11-26T10:44:38.499438",FAILED
"com.sequenceiq.environment.service.integration.EnvironmentServiceIntegrationTest",0,testProxyCreate,0,"644957bb-4f8d-4b7d-8ee5-af3b1c7c66f9","2019-11-26T10:42:05.166367",34.0,"2019-11-26T10:42:05.201111",PASSED
"com.sequenceiq.environment.service.integration.EnvironmentServiceIntegrationTest",0,testCredentialCreateAws,0,"2a565b71-61a7-442f-8dfd-e81178fbbcf4","2019-11-26T10:11:46.414690",6117.0,"2019-11-26T10:11:52.531901",FAILED
"com.sequenceiq.environment.service.integration.EnvironmentServiceIntegrationTest",0,testProxyCreate,0,"f861c842-a519-4b8d-bef7-c7756846db5d","2019-11-26T10:42:08.177288",35.0,"2019-11-26T10:42:08.212636",PASSED
"com.sequenceiq.environment.service.integration.EnvironmentServiceIntegrationTest",0,testProxyCreate,0,"89031861-1006-4aa9-9e89-44c754d926fe","2019-11-26T10:44:38.848722",19.0,"2019-11-26T10:44:38.867995",FAILED
"com.sequenceiq.environment.service.integration.EnvironmentServiceIntegrationTest",0,testProxyCreate,0,"141baeb7-5d0a-416f-b235-a3441abd5a1e","2019-11-26T10:41:56.129006",34.0,"2019-11-26T10:41:56.163905",PASSED
"com.sequenceiq.environment.service.integration.EnvironmentServiceIntegrationTest",0,testCredentialCreateAws,0,"6e97143e-1a57-42aa-a3ac-d941da860de9","2019-11-26T10:12:18.617823",39.0,"2019-11-26T10:12:18.657145",PASSED
"com.sequenceiq.environment.service.integration.EnvironmentServiceIntegrationTest",0,testProxyCreate,0,"f460895c-079c-48f0-ac4b-d1c13d5a4a74","2019-11-26T10:42:16.218135",32.0,"2019-11-26T10:42:16.251070",PASSED
"com.sequenceiq.environment.service.integration.EnvironmentServiceIntegrationTest",0,testProxyCreate,0,"1d42198a-9b1c-429c-9dd4-4ec137161b2d","2019-11-26T10:48:16.335721",29.0,"2019-11-26T10:48:16.365351",PASSED
"com.sequenceiq.environment.service.integration.EnvironmentServiceIntegrationTest",0,testProxyCreate,0,"fded5e73-a1d3-40ec-a461-7dbe9a234d13","2019-11-26T10:45:06.975799",15.0,"2019-11-26T10:45:06.990950",FAILED
"com.sequenceiq.environment.service.integration.EnvironmentServiceIntegrationTest",0,testProxyCreate,0,"7badf933-e104-49b5-9cbb-22f41d0f36d0","2019-11-26T10:41:40.038762",5602.0,"2019-11-26T10:41:45.641737",PASSED
"com.sequenceiq.environment.service.integration.EnvironmentServiceIntegrationTest",0,testProxyCreate,0,"9fbdbc2c-7e96-45dc-bdfa-80118a74842e","2019-11-26T10:47:07.011556",24778.0,"2019-11-26T10:47:31.790185",PASSED
"com.sequenceiq.environment.service.integration.EnvironmentServiceIntegrationTest",0,testProxyCreate,0,"97a6bce7-a1d9-45dc-92a9-911dad0f108a","2019-11-26T10:44:23.772012",14731.0,"2019-11-26T10:44:38.503374",FAILED
"com.sequenceiq.environment.service.integration.EnvironmentServiceIntegrationTest",0,testProxyCreate,0,"af2793e1-b5a5-41ab-a6b1-889d9f43ab0b","2019-11-26T10:42:32.285474",32.0,"2019-11-26T10:42:32.317831",PASSED
"com.sequenceiq.environment.service.integration.EnvironmentServiceIntegrationTest",0,testProxyCreate,0,"bda930e6-1859-4c81-a640-4ae7aa5bcfaa","2019-11-26T10:44:59.946541",14.0,"2019-11-26T10:44:59.961146",FAILED
"com.sequenceiq.environment.service.integration.EnvironmentServiceIntegrationTest",0,testProxyCreate,0,"382b6525-74c2-4d28-84b5-ea6b1348ec98","2019-11-26T10:45:17.025584",14.0,"2019-11-26T10:45:17.039992",FAILED
"com.sequenceiq.environment.service.integration.EnvironmentServiceIntegrationTest",0,testProxyCreate,0,"cd07aa7a-5f84-4bc0-9175-f04029817fc5","2019-11-26T10:41:16.930003",26134.0,"2019-11-26T10:41:43.064289",FAILED
"com.sequenceiq.environment.service.integration.EnvironmentServiceIntegrationTest",0,testProxyCreate,0,"bd3612b9-c965-48c2-b27e-80579a1c0477","2019-11-26T10:42:36.301455",30.0,"2019-11-26T10:42:36.331646",PASSED
"com.sequenceiq.environment.service.integration.EnvironmentServiceIntegrationTest",0,testProxyCreate,0,"82340721-82fe-4619-bd6e-43a6994aa95e","2019-11-26T10:41:19.945318",25718.0,"2019-11-26T10:41:45.664038",PASSED
"com.sequenceiq.environment.service.integration.EnvironmentServiceIntegrationTest",0,testProxyCreate,0,"5335d11d-c601-441d-acc4-db7393eb1855","2019-11-26T10:48:09.309695",31.0,"2019-11-26T10:48:09.341346",PASSED
"com.sequenceiq.environment.service.integration.EnvironmentServiceIntegrationTest",0,testCredentialCreateAws,0,"dfbf7be3-c02c-42ae-9045-134545de5a65","2019-11-26T10:11:36.363749",18649.0,"2019-11-26T10:11:55.013702",PASSED
"com.sequenceiq.environment.service.integration.EnvironmentServiceIntegrationTest",0,testProxyCreate,0,"1dd1d229-7c7c-4be8-9d96-837c890bf378","2019-11-26T10:48:32.403353",30.0,"2019-11-26T10:48:32.433576",PASSED
"com.sequenceiq.environment.service.integration.EnvironmentServiceIntegrationTest",0,testProxyCreate,0,"65d432af-b2ec-48f2-ad25-ed85f8d73413","2019-11-26T10:41:20.949311",22115.0,"2019-11-26T10:41:43.064328",FAILED
"com.sequenceiq.environment.service.integration.EnvironmentServiceIntegrationTest",0,testCredentialCreateAws,0,"19cf7a65-df4b-4575-9266-45e93858cf28","2019-11-26T10:12:36.702534",37.0,"2019-11-26T10:12:36.740276",PASSED
"com.sequenceiq.environment.service.integration.EnvironmentServiceIntegrationTest",0,testProxyCreate,0,"a50dd022-342d-4725-85a3-26efe2fa8502","2019-11-26T10:47:30.123370",1666.0,"2019-11-26T10:47:31.789622",PASSED
"com.sequenceiq.environment.service.integration.EnvironmentServiceIntegrationTest",0,testProxyCreate,0,"09ad3438-858d-4b61-beb2-348e351d2219","2019-11-26T10:44:15.735234",22762.0,"2019-11-26T10:44:38.497728",FAILED
"com.sequenceiq.environment.service.integration.EnvironmentServiceIntegrationTest",0,testCredentialCreateAws,0,"2d396ba2-1677-4a2a-9344-9132bc7b0d67","2019-11-26T10:12:46.754576",37.0,"2019-11-26T10:12:46.792112",PASSED
"com.sequenceiq.environment.service.integration.EnvironmentServiceIntegrationTest",0,testProxyCreate,0,"1e976810-20ee-412b-824f-af14a0daf3bd","2019-11-26T10:47:17.062727",14727.0,"2019-11-26T10:47:31.790531",PASSED
"com.sequenceiq.environment.service.integration.EnvironmentServiceIntegrationTest",0,testCredentialCreateAws,0,"e7e54fcb-9568-4b80-891b-01eb5131b4a7","2019-11-26T10:11:26.318384",28697.0,"2019-11-26T10:11:55.016211",PASSED
"com.sequenceiq.environment.service.integration.EnvironmentServiceIntegrationTest",0,testProxyCreate,0,"eac0d6d5-0a00-4c70-863c-ff413f960647","2019-11-26T10:45:38.121877",13.0,"2019-11-26T10:45:38.135144",FAILED
"com.sequenceiq.environment.service.integration.EnvironmentServiceIntegrationTest",0,testProxyCreate,0,"3a8833c2-5a15-4e13-bcbc-c5401c6d9ba8","2019-11-26T10:45:37.117371",13.0,"2019-11-26T10:45:37.131019",FAILED
"com.sequenceiq.environment.service.integration.EnvironmentServiceIntegrationTest",0,testProxyCreate,0,"220bdb37-5c91-4de8-ab5a-3e0c90bb330c","2019-11-26T10:44:29.800674",8709.0,"2019-11-26T10:44:38.510320",FAILED
"com.sequenceiq.environment.service.integration.EnvironmentServiceIntegrationTest",0,testProxyCreate,0,"67819f81-937e-422e-be43-cb15b335d829","2019-11-26T10:44:06.690156",31791.0,"2019-11-26T10:44:38.481871",FAILED
"com.sequenceiq.environment.service.integration.EnvironmentServiceIntegrationTest",0,testProxyCreate,0,"01eaca10-24ee-4bde-9ac5-4011b797f3fa","2019-11-26T10:41:21.957253",23696.0,"2019-11-26T10:41:45.653564",PASSED
"com.sequenceiq.environment.service.integration.EnvironmentServiceIntegrationTest",0,testProxyCreate,0,"e22f290b-287c-4998-af0e-6331a7382c9f","2019-11-26T10:44:04.715802",33764.0,"2019-11-26T10:44:38.480120",FAILED
"com.sequenceiq.environment.service.integration.EnvironmentServiceIntegrationTest",0,testProxyCreate,0,"1a43bf89-96c9-4801-b4c1-04e8a32c3fa7","2019-11-26T10:41:58.138505",34.0,"2019-11-26T10:41:58.172877",PASSED
"com.sequenceiq.environment.service.integration.EnvironmentServiceIntegrationTest",0,testCredentialCreateAws,0,"48232007-0871-47b0-8219-e9f8a7224b06","2019-11-26T10:12:14.599240",42.0,"2019-11-26T10:12:14.641797",PASSED
"com.sequenceiq.environment.service.integration.EnvironmentServiceIntegrationTest",0,testCredentialCreateAws,0,"18c5e91b-5f03-4a4e-a15b-6b7b6d493365","2019-11-26T10:12:42.736201",37.0,"2019-11-26T10:12:42.773686",PASSED
"com.sequenceiq.environment.service.integration.EnvironmentServiceIntegrationTest",0,testProxyCreate,0,"0f28c772-32ec-4e43-bd4b-f84973d698ca","2019-11-26T10:42:09.179656",33.0,"2019-11-26T10:42:09.213117",PASSED
"com.sequenceiq.environment.service.integration.EnvironmentServiceIntegrationTest",0,testProxyCreate,0,"9aaa3974-a189-41f9-bbed-68504e345576","2019-11-26T10:47:20.073999",11716.0,"2019-11-26T10:47:31.790059",PASSED
"com.sequenceiq.environment.service.integration.EnvironmentServiceIntegrationTest",0,testCredentialCreateAws,0,"043ba49b-4fe1-4cbd-9f98-0850c49fbdbf","2019-11-26T10:12:02.543347",47.0,"2019-11-26T10:12:02.591303",PASSED
"com.sequenceiq.environment.service.integration.EnvironmentServiceIntegrationTest",0,testProxyCreate,0,"85bf6113-d7dc-47f8-80c5-77c66199a371","2019-11-26T10:47:33.151632",38.0,"2019-11-26T10:47:33.190050",PASSED
"com.sequenceiq.environment.service.integration.EnvironmentServiceIntegrationTest",0,testProxyCreate,0,"f2fa8118-0ff8-4ca1-9ace-5828dd67e1d2","2019-11-26T10:45:30.089485",14.0,"2019-11-26T10:45:30.104467",FAILED
"com.sequenceiq.environment.service.integration.EnvironmentServiceIntegrationTest",0,testCredentialCreateAws,0,"0fd4f583-a8e8-4721-8993-3c9425836590","2019-11-26T10:11:56.509346",46.0,"2019-11-26T10:11:56.555528",PASSED
"com.sequenceiq.environment.service.integration.EnvironmentServiceIntegrationTest",0,testCredentialCreateAws,0,"384585a0-e214-4396-a3dc-29ce140a1798","2019-11-26T10:12:49.769523",37.0,"2019-11-26T10:12:49.806911",PASSED
"com.sequenceiq.environment.service.integration.EnvironmentServiceIntegrationTest",0,testProxyCreate,0,"8abd9bab-f2ed-42e4-a307-eb40cbb03907","2019-11-26T10:42:26.258830",29.0,"2019-11-26T10:42:26.288802",PASSED
"com.sequenceiq.environment.service.integration.EnvironmentServiceIntegrationTest",0,testProxyCreate,0,"44cad348-40b9-487f-83b2-13383958466b","2019-11-26T10:47:02.994952",28794.0,"2019-11-26T10:47:31.789237",PASSED
"com.sequenceiq.environment.service.integration.EnvironmentServiceIntegrationTest",0,testProxyCreate,0,"19537dd5-0dc1-4e62-8925-87d8540d4070","2019-11-26T10:41:35.014799",8049.0,"2019-11-26T10:41:43.064522",FAILED
"com.sequenceiq.environment.service.integration.EnvironmentServiceIntegrationTest",0,testCredentialCreateAws,0,"3d175aea-184a-4aef-b6a0-1b2899724372","2019-11-26T10:11:41.390963",11140.0,"2019-11-26T10:11:52.531914",FAILED
"com.sequenceiq.environment.service.integration.EnvironmentServiceIntegrationTest",0,testProxyCreate,0,"ce9d19fb-970e-4264-b269-19b394e49c23","2019-11-26T10:44:36.835963",1664.0,"2019-11-26T10:44:38.500555",FAILED
"com.sequenceiq.environment.service.integration.EnvironmentServiceIntegrationTest",0,testProxyCreate,0,"5be5ac9e-4dd9-428b-a0d5-ff88451cc55e","2019-11-26T10:47:47.215086",30.0,"2019-11-26T10:47:47.246081",PASSED
"com.sequenceiq.environment.service.integration.EnvironmentServiceIntegrationTest",0,testProxyCreate,0,"e62159a6-01cc-4235-bf46-512cb4399a79","2019-11-26T10:44:20.757013",17725.0,"2019-11-26T10:44:38.482383",FAILED
"com.sequenceiq.environment.service.integration.EnvironmentServiceIntegrationTest",0,testProxyCreate,0,"246dc057-d817-4428-b0fc-224bba451943","2019-11-26T10:42:19.231082",33.0,"2019-11-26T10:42:19.264304",PASSED
"com.sequenceiq.environment.service.integration.EnvironmentServiceIntegrationTest",0,testCredentialCreateAws,0,"0aea40ac-66c7-4032-8932-1275893c682f","2019-11-26T10:12:39.716991",39.0,"2019-11-26T10:12:39.756854",PASSED
"com.sequenceiq.environment.service.integration.EnvironmentServiceIntegrationTest",0,testCredentialCreateAws,0,"05a1a672-a2f0-4b3a-9cbc-492f0ebf4d11","2019-11-26T10:12:40.721635",37.0,"2019-11-26T10:12:40.759402",PASSED
"com.sequenceiq.environment.service.integration.EnvironmentServiceIntegrationTest",0,testProxyCreate,0,"c53d5cb2-fb36-4f06-b7d1-5e4fdc0e0170","2019-11-26T10:42:00.145140",33.0,"2019-11-26T10:42:00.178537",PASSED
"com.sequenceiq.environment.service.integration.EnvironmentServiceIntegrationTest",0,testCredentialCreateAws,0,"dde26854-3406-4d16-b4fe-82f2dd9dcb92","2019-11-26T10:12:25.652482",38.0,"2019-11-26T10:12:25.690625",PASSED
"com.sequenceiq.environment.service.integration.EnvironmentServiceIntegrationTest",0,testCredentialCreateAws,0,"c85ee917-5c50-47c3-8614-64fcf0c776b1","2019-11-26T10:12:30.676930",36.0,"2019-11-26T10:12:30.713730",PASSED
"com.sequenceiq.environment.service.integration.EnvironmentServiceIntegrationTest",0,testProxyCreate,0,"f4c10526-5ddc-485b-a7f9-97d7e5aee391","2019-11-26T10:41:49.093895",46.0,"2019-11-26T10:41:49.140471",PASSED
"com.sequenceiq.environment.service.integration.EnvironmentServiceIntegrationTest",0,testProxyCreate,0,"834cd027-4379-4289-bace-20e5279e91b2","2019-11-26T10:48:33.408626",29.0,"2019-11-26T10:48:33.438405",PASSED
"com.sequenceiq.environment.service.integration.EnvironmentServiceIntegrationTest",0,testProxyCreate,0,"50e7fdca-8d1f-4b66-954c-0c7ec69ac6ef","2019-11-26T10:42:20.232634",31.0,"2019-11-26T10:42:20.263814",PASSED
"com.sequenceiq.environment.service.integration.EnvironmentServiceIntegrationTest",0,testProxyCreate,0,"da4ef14a-bb12-40f6-9d34-d980b3d388d8","2019-11-26T10:47:23.086962",8702.0,"2019-11-26T10:47:31.789827",PASSED
"com.sequenceiq.environment.service.integration.EnvironmentServiceIntegrationTest",0,testCredentialCreateAws,0,"7fb81101-586f-4bff-83df-8413a15b7fc7","2019-11-26T10:11:23.299898",31698.0,"2019-11-26T10:11:54.998180",PASSED
"com.sequenceiq.environment.service.integration.EnvironmentServiceIntegrationTest",0,testProxyCreate,0,"77203a64-b8ba-4324-a204-e2008a5b480c","2019-11-26T10:45:02.960555",14.0,"2019-11-26T10:45:02.974751",FAILED
"com.sequenceiq.environment.service.integration.EnvironmentServiceIntegrationTest",0,testProxyCreate,0,"e73c712e-f427-4f12-8979-e6155062f443","2019-11-26T10:45:15.014649",14.0,"2019-11-26T10:45:15.028869",FAILED
"com.sequenceiq.environment.service.integration.EnvironmentServiceIntegrationTest",0,testCredentialCreateAws,0,"8d09cf15-c5ae-4d9a-b75c-9bd0c07eaa53","2019-11-26T10:12:33.690925",39.0,"2019-11-26T10:12:33.730130",PASSED
"com.sequenceiq.environment.service.integration.EnvironmentServiceIntegrationTest",0,testProxyCreate,0,"32a2e1e2-dfde-4b54-a661-62f915df672e","2019-11-26T10:44:08.696652",29799.0,"2019-11-26T10:44:38.495848",FAILED
"com.sequenceiq.environment.service.integration.EnvironmentServiceIntegrationTest",0,testProxyCreate,0,"4b5b9f73-5e15-4958-a5d2-3cb9b8038db7","2019-11-26T10:44:50.899059",16.0,"2019-11-26T10:44:50.915326",FAILED
"com.sequenceiq.environment.service.integration.EnvironmentServiceIntegrationTest",0,testProxyCreate,0,"752298c7-cbcc-47df-a8f0-f18e03e7c6d3","2019-11-26T10:41:50.098019",35.0,"2019-11-26T10:41:50.133068",PASSED
"com.sequenceiq.environment.service.integration.EnvironmentServiceIntegrationTest",0,testCredentialCreateAws,0,"ce9068e8-88e2-4f10-8f89-219dc005f134","2019-11-26T10:12:32.683248",38.0,"2019-11-26T10:12:32.721876",PASSED
"com.sequenceiq.environment.service.integration.EnvironmentServiceIntegrationTest",0,testProxyCreate,0,"c2af97ca-118c-4b12-b71a-5cd6efbf0ee0","2019-11-26T10:44:14.729044",23752.0,"2019-11-26T10:44:38.481451",FAILED
"com.sequenceiq.environment.service.integration.EnvironmentServiceIntegrationTest",0,testProxyCreate,0,"78758d42-1e5e-4838-8b86-2c250893c198","2019-11-26T10:48:14.331865",29.0,"2019-11-26T10:48:14.361639",PASSED
"com.sequenceiq.environment.service.integration.EnvironmentServiceIntegrationTest",0,testProxyCreate,0,"73900903-13b3-42cd-bd1b-2942b94a1353","2019-11-26T10:44:39.850659",17.0,"2019-11-26T10:44:39.867729",FAILED
"com.sequenceiq.environment.service.integration.EnvironmentServiceIntegrationTest",0,testCredentialCreateAws,0,"7dff65e2-3ac7-4d5b-85e9-768b98cf4f43","2019-11-26T10:12:41.727432",37.0,"2019-11-26T10:12:41.764700",PASSED
"com.sequenceiq.environment.service.integration.EnvironmentServiceIntegrationTest",0,testCredentialCreateAws,0,"5b2ecf1a-7142-4d00-94a5-4ff54ff89ca3","2019-11-26T10:11:58.519099",42.0,"2019-11-26T10:11:58.561846",PASSED
"com.sequenceiq.environment.service.integration.EnvironmentServiceIntegrationTest",0,testProxyCreate,0,"06809aec-5e16-4492-b043-cb68fcbd8f4f","2019-11-26T10:45:20.041384",14.0,"2019-11-26T10:45:20.055706",FAILED
"com.sequenceiq.environment.service.integration.EnvironmentServiceIntegrationTest",0,testProxyCreate,0,"31b0c873-eeb0-48e8-a48b-008f02b1eb9a","2019-11-26T10:47:36.163159",36.0,"2019-11-26T10:47:36.199303",PASSED
"com.sequenceiq.environment.service.integration.EnvironmentServiceIntegrationTest",0,testProxyCreate,0,"c8402ccf-313b-46c8-bc87-4980e7700e1b","2019-11-26T10:41:34.010706",9053.0,"2019-11-26T10:41:43.064367",FAILED
"com.sequenceiq.environment.service.integration.EnvironmentServiceIntegrationTest",0,testProxyCreate,0,"23ee99ba-026b-4150-a742-46ab6de0e826","2019-11-26T10:42:07.171649",32.0,"2019-11-26T10:42:07.203695",PASSED
"com.sequenceiq.environment.service.integration.EnvironmentServiceIntegrationTest",0,testProxyCreate,0,"a53a61b1-49d5-40e6-a8e8-f2e0ad559183","2019-11-26T10:44:41.860685",16.0,"2019-11-26T10:44:41.876807",FAILED
"com.sequenceiq.environment.service.integration.EnvironmentServiceIntegrationTest",0,testProxyCreate,0,"d5f7cea8-d93e-49db-ace4-ce1cb4525b87","2019-11-26T10:45:43.144268",14.0,"2019-11-26T10:45:43.158458",FAILED
"com.sequenceiq.environment.service.integration.EnvironmentServiceIntegrationTest",0,testProxyCreate,0,"91be1db2-d16d-4dd2-a3cd-23e6536b2885","2019-11-26T10:41:22.963835",22693.0,"2019-11-26T10:41:45.657772",PASSED
"com.sequenceiq.environment.service.integration.EnvironmentServiceIntegrationTest",0,testProxyCreate,0,"394804b8-a924-4391-8736-12bd2f74e5ce","2019-11-26T10:42:25.253701",30.0,"2019-11-26T10:42:25.284340",PASSED
"com.sequenceiq.environment.service.integration.EnvironmentServiceIntegrationTest",0,testProxyCreate,0,"f56b4ac7-7530-466b-bf1f-929dd940ff09","2019-11-26T10:44:26.786275",11730.0,"2019-11-26T10:44:38.517085",FAILED
"com.sequenceiq.environment.service.integration.EnvironmentServiceIntegrationTest",0,testProxyCreate,0,"b3be6eec-f0ec-4e2a-9e29-0aa22f625e97","2019-11-26T10:42:27.264868",30.0,"2019-11-26T10:42:27.294959",PASSED
"com.sequenceiq.environment.service.integration.EnvironmentServiceIntegrationTest",0,testProxyCreate,0,"d569655e-09fb-410d-b70d-28ecbebc1b0b","2019-11-26T10:45:12.001650",14.0,"2019-11-26T10:45:12.015823",FAILED
"com.sequenceiq.environment.service.integration.EnvironmentServiceIntegrationTest",0,testProxyCreate,0,"ece39636-01c0-447e-a212-9320c7a6f1cc","2019-11-26T10:48:02.276589",32.0,"2019-11-26T10:48:02.308609",PASSED
"com.sequenceiq.environment.service.integration.EnvironmentServiceIntegrationTest",0,testProxyCreate,0,"bc70a948-634d-48ec-980d-4bc13e8e85e0","2019-11-26T10:42:44.334293",31.0,"2019-11-26T10:42:44.365619",PASSED
"com.sequenceiq.environment.service.integration.EnvironmentServiceIntegrationTest",0,testCredentialCreateAws,0,"aede4762-4812-4807-a9b5-87a24d47301c","2019-11-26T10:12:00.526926",44.0,"2019-11-26T10:12:00.571694",PASSED
"com.sequenceiq.environment.service.integration.EnvironmentServiceIntegrationTest",0,testProxyCreate,0,"67067986-daa3-4132-9982-99ab75a77121","2019-11-26T10:45:35.105872",13.0,"2019-11-26T10:45:35.119096",FAILED
"com.sequenceiq.environment.service.integration.EnvironmentServiceIntegrationTest",0,testProxyCreate,0,"37a438d5-11c9-466c-897b-cb54999c5765","2019-11-26T10:48:25.372854",26.0,"2019-11-26T10:48:25.399277",PASSED
"com.sequenceiq.environment.service.integration.EnvironmentServiceIntegrationTest",0,testCredentialCreateAws,0,"3005a03f-5008-47e2-952c-5948615e2819","2019-11-26T10:12:15.602434",40.0,"2019-11-26T10:12:15.643370",PASSED
"com.sequenceiq.environment.service.integration.EnvironmentServiceIntegrationTest",0,testProxyCreate,0,"2ef15461-9d3d-4531-8380-82f4190ed24c","2019-11-26T10:44:27.804352",10714.0,"2019-11-26T10:44:38.518826",FAILED
"com.sequenceiq.environment.service.integration.EnvironmentServiceIntegrationTest",0,testProxyCreate,0,"d2ddf5b5-1ef2-4311-a9cf-faf46424093f","2019-11-26T10:42:46.350047",29.0,"2019-11-26T10:42:46.379575",PASSED
"com.sequenceiq.environment.service.integration.EnvironmentServiceIntegrationTest",0,testProxyCreate,0,"8438553e-3507-48d3-9111-7b163fa6765a","2019-11-26T10:44:13.722577",24769.0,"2019-11-26T10:44:38.492493",FAILED
"com.sequenceiq.environment.service.integration.EnvironmentServiceIntegrationTest",0,testCredentialCreateAws,0,"8c206038-7564-4516-a398-871043db2c8a","2019-11-26T10:12:31.678284",37.0,"2019-11-26T10:12:31.715444",PASSED
"com.sequenceiq.environment.service.integration.EnvironmentServiceIntegrationTest",0,testProxyCreate,0,"aaf1fc7f-6890-4b72-84a8-c8139d825f98","2019-11-26T10:41:12.907890",32738.0,"2019-11-26T10:41:45.646620",PASSED
"com.sequenceiq.environment.service.integration.EnvironmentServiceIntegrationTest",0,testProxyCreate,0,"f3fe70e1-c50e-451b-9dc4-85e1fb369fc4","2019-11-26T10:42:22.241956",30.0,"2019-11-26T10:42:22.272371",PASSED
"com.sequenceiq.environment.service.integration.EnvironmentServiceIntegrationTest",0,testProxyCreate,0,"3e5a9525-6dc6-41e8-b4be-1025d8f9265a","2019-11-26T10:45:31.091797",13.0,"2019-11-26T10:45:31.105772",FAILED
"com.sequenceiq.environment.service.integration.EnvironmentServiceIntegrationTest",0,testCredentialCreateAws,0,"fe6a62b9-72f7-4c61-8562-8a1269b284eb","2019-11-26T10:11:35.362276",17170.0,"2019-11-26T10:11:52.533130",FAILED
"com.sequenceiq.environment.service.integration.EnvironmentServiceIntegrationTest",0,testCredentialCreateAws,0,"2001d55b-a07e-43ff-a2fb-8c65a4435e5b","2019-11-26T10:12:54.793213",37.0,"2019-11-26T10:12:54.830464",PASSED
"com.sequenceiq.environment.service.integration.EnvironmentServiceIntegrationTest",0,testCredentialCreateAws,0,"63e2f4ba-9235-48ee-b78c-7c0845d51420","2019-11-26T10:12:56.804483",40.0,"2019-11-26T10:12:56.845204",PASSED
"com.sequenceiq.environment.service.integration.EnvironmentServiceIntegrationTest",0,testProxyCreate,0,"f37f96a5-a218-4351-9425-ef6634d67130","2019-11-26T10:47:55.241472",30.0,"2019-11-26T10:47:55.271824",PASSED
"com.sequenceiq.environment.service.integration.EnvironmentServiceIntegrationTest",0,testProxyCreate,0,"46fa8fa7-35f4-4718-9b5f-0e9e007dde68","2019-11-26T10:42:18.228340",33.0,"2019-11-26T10:42:18.261684",PASSED
"com.sequenceiq.environment.service.integration.EnvironmentServiceIntegrationTest",0,testCredentialCreateAws,0,"222bd62f-aff4-4731-bd5c-ddfd8205505f","2019-11-26T10:11:44.404689",10606.0,"2019-11-26T10:11:55.010766",PASSED
"com.sequenceiq.environment.service.integration.EnvironmentServiceIntegrationTest",0,testProxyCreate,0,"7e63a902-dfb2-4e4f-86a9-2f7e0cc4df0f","2019-11-26T10:41:09.892005",35766.0,"2019-11-26T10:41:45.658466",PASSED
"com.sequenceiq.environment.service.integration.EnvironmentServiceIntegrationTest",0,testProxyCreate,0,"e52157bc-aeb1-42d5-bd40-126a886dfb99","2019-11-26T10:47:34.155802",38.0,"2019-11-26T10:47:34.194461",PASSED
"com.sequenceiq.environment.service.integration.EnvironmentServiceIntegrationTest",0,testProxyCreate,0,"20e6c223-95ad-49a2-860c-30556a77ffa2","2019-11-26T10:44:21.758817",16722.0,"2019-11-26T10:44:38.481576",FAILED
"com.sequenceiq.environment.service.integration.EnvironmentServiceIntegrationTest",0,testProxyCreate,0,"b1dc1415-796c-4feb-8acc-3f46b63233f7","2019-11-26T10:44:18.748511",19773.0,"2019-11-26T10:44:38.522229",FAILED
"com.sequenceiq.environment.service.integration.EnvironmentServiceIntegrationTest",0,testProxyCreate,0,"025d1e90-38f1-419a-ad6d-1594f0375572","2019-11-26T10:45:29.085255",12.0,"2019-11-26T10:45:29.098199",FAILED
